method,dataset_tag,x_metric,y_metric,target_hydrocode,ghi,glo
pwit,RCC_Huc8PredInterval,erom_q0001e_mean,aqbio_nt_total,nhd_huc8_06040006,896,200
pwit,RCC_Huc8PredInterval,erom_q0001e_mean,aqbio_nt_total,nhd_huc8_06040005,896,200
pwit,RCC_Huc8PredInterval,erom_q0001e_mean,aqbio_nt_total,nhd_huc8_06040004,896,200
pwit,RCC_Huc8PredInterval,erom_q0001e_mean,aqbio_nt_total,nhd_huc8_06040003,896,200
pwit,RCC_Huc8PredInterval,erom_q0001e_mean,aqbio_nt_total,nhd_huc8_06040002,896,200
pwit,RCC_Huc8PredInterval,erom_q0001e_mean,aqbio_nt_total,nhd_huc8_06040001,896,200
pwit,RCC_Huc8PredInterval,erom_q0001e_mean,aqbio_nt_total,nhd_huc8_06010208,896,200
pwit,RCC_Huc8PredInterval,erom_q0001e_mean,aqbio_nt_total,nhd_huc8_06010207,896,200
pwit,RCC_Huc8PredInterval,erom_q0001e_mean,aqbio_nt_total,nhd_huc8_06010206,896,200
pwit,RCC_Huc8PredInterval,erom_q0001e_mean,aqbio_nt_total,nhd_huc8_06010205,896,200
pwit,RCC_Huc8PredInterval,erom_q0001e_mean,aqbio_nt_total,nhd_huc8_06010204,896,200
pwit,RCC_Huc8PredInterval,erom_q0001e_mean,aqbio_nt_total,nhd_huc8_06010203,896,200
pwit,RCC_Huc8PredInterval,erom_q0001e_mean,aqbio_nt_total,nhd_huc8_06010202,896,200
pwit,RCC_Huc8PredInterval,erom_q0001e_mean,aqbio_nt_total,nhd_huc8_06010201,896,200
pwit,RCC_Huc8PredInterval,erom_q0001e_mean,aqbio_nt_total,nhd_huc8_06010108,896,200
pwit,RCC_Huc8PredInterval,erom_q0001e_mean,aqbio_nt_total,nhd_huc8_06010107,896,200
pwit,RCC_Huc8PredInterval,erom_q0001e_mean,aqbio_nt_total,nhd_huc8_06010106,896,200
pwit,RCC_Huc8PredInterval,erom_q0001e_mean,aqbio_nt_total,nhd_huc8_06010105,896,200
pwit,RCC_Huc8PredInterval,erom_q0001e_mean,aqbio_nt_total,nhd_huc8_06010104,896,200
pwit,RCC_Huc8PredInterval,erom_q0001e_mean,aqbio_nt_total,nhd_huc8_06010103,896,200
pwit,RCC_Huc8PredInterval,erom_q0001e_mean,aqbio_nt_total,nhd_huc8_06010102,896,200
pwit,RCC_Huc8PredInterval,erom_q0001e_mean,aqbio_nt_total,nhd_huc8_06010101,896,200
pwit,RCC_Huc8PredInterval,erom_q0001e_mean,aqbio_nt_total,nhd_huc8_05130108,896,200
pwit,RCC_Huc8PredInterval,erom_q0001e_mean,aqbio_nt_total,nhd_huc8_05130107,896,200
pwit,RCC_Huc8PredInterval,erom_q0001e_mean,aqbio_nt_total,nhd_huc8_05130106,896,200
pwit,RCC_Huc8PredInterval,erom_q0001e_mean,aqbio_nt_total,nhd_huc8_05130105,896,200
pwit,RCC_Huc8PredInterval,erom_q0001e_mean,aqbio_nt_total,nhd_huc8_05130104,896,200
pwit,RCC_Huc8PredInterval,erom_q0001e_mean,aqbio_nt_total,nhd_huc8_05130103,896,200
pwit,RCC_Huc8PredInterval,erom_q0001e_mean,aqbio_nt_total,nhd_huc8_05130102,896,200
pwit,RCC_Huc8PredInterval,erom_q0001e_mean,aqbio_nt_total,nhd_huc8_05130101,896,200
pwit,RCC_Huc8PredInterval,erom_q0001e_mean,aqbio_nt_total,nhd_huc8_06020004,896,200
pwit,RCC_Huc8PredInterval,erom_q0001e_mean,aqbio_nt_total,nhd_huc8_06020003,896,200
pwit,RCC_Huc8PredInterval,erom_q0001e_mean,aqbio_nt_total,nhd_huc8_06020002,896,200
pwit,RCC_Huc8PredInterval,erom_q0001e_mean,aqbio_nt_total,nhd_huc8_06020001,896,200
pwit,RCC_Huc8PredInterval,erom_q0001e_mean,aqbio_nt_total,nhd_huc8_06030006,896,200
pwit,RCC_Huc8PredInterval,erom_q0001e_mean,aqbio_nt_total,nhd_huc8_06030005,896,200
pwit,RCC_Huc8PredInterval,erom_q0001e_mean,aqbio_nt_total,nhd_huc8_06030004,896,200
pwit,RCC_Huc8PredInterval,erom_q0001e_mean,aqbio_nt_total,nhd_huc8_06030003,896,200
pwit,RCC_Huc8PredInterval,erom_q0001e_mean,aqbio_nt_total,nhd_huc8_06030002,896,200
pwit,RCC_Huc8PredInterval,erom_q0001e_mean,aqbio_nt_total,nhd_huc8_06030001,896,200
