"HydroID - Unique Feature ID","Feature Name","tstime","tsvalue","NHDPlus Feature Name","MAF","SQMI"
"62455","GLADSTONE SPRING","2016","0.551","James River","4,321.516","3,645.95"
"60190","JAMES RIVER ","2016","101.171","James River","3,884.167","3,264.249"
"58795","MILL CREEK","2016","79.056","Mill Creek","4.915","1.687"
"58802","SPRINGS","2016","121.596","Mill Creek","4.915","1.687"
"65042","JAMES RIVER - COLLEGE HILL WTP","2016","25.939","James River","3,978.912","3,340.829"
"64480","JAMES RIVER","2016","0","null","0.313","3,288.323"
"65210","JAMES RIVER INTAKE","2016","2,385.76","James River","6,231.041","5,036.778"
"59670","JAMES RIVER","2016","22,308.3","James River","6,231.041","5,036.778"
"60517","JAMES RIVER","2016","2,056.79","James River","4,232.76","3,568.779"
"63766","MIDDLE RIVER","2016","0","North Fork Rivanna River","88.09","46.931"
"60394","JAMES RIVER","2016","5,055.22","James River","3,870.577","3,102.079"
"59894","RAGGED MOUNTAIN RESERVOIR","2016","722.526","null","2.427","1.819"
"60372","PEDLAR RESERVOIR","2016","3,828.233","Pedlar River","63.557","34.128"
"60412","POND #2  ON HOLE #16","2016","0","null","0.241","0.208"
"59804","POND","2016","27","null","0.066","0.066"
"58900","Mechunk Creek","2016","48.302","Mechunk Creek","61.647","49.047"
"61602","RIVANNA RIVER","2016","13.182078","Rivanna River","569.525","456.782"
"59563","Storage Reservoir (CVWSC)","2016","446.56","James River","6,233.941","5,039.635"
"65160","RIVANNA RIVER","2016","21.459","Rivanna River","650.622","518.875"
"58819","RIVANNA RIVER","2016","218.521","Rivanna River","713.664","571.968"
"59901","BEAVER CREEK RESERVOIR","2016","202.41","Beaver Creek","13.057","9.502"
"59963","NORTH FORK RIVANNA RIVER","2016","141.004","Jacobs Run","8.35","6.44"
"58931","SUGAR HOLLOW RESERVOIR","2016","324.4","null","44.179","17.568"
"60003","SOUTH FORK RIVANNA RIVER","2016","2,512.655","South Fork Rivanna River","319.837","258.256"
"60417","GOLF COURSE POND","2016","10.075397","null","0.192","0.185"
"65395","TCC KANAWHA CANAL","2016","0","East Branch Tuckahoe Creek","3.384","5.618"
"60009","JRC KANAWHA CANAL","2016","0","East Branch Tuckahoe Creek","3.384","5.618"
"59318","JAMES RIVER AND KANAWA CANAL","2016","24,192.1","James River","7,805.674","6,755.665"
"64113","Irrigation Lake","2016","17.7","Fine Creek","21.399","22.579"
"68387","Morey Creek","2016","25.5","Morey Creek","3.792","2.641"
"59859","James River","2016","4.71","James River","8,156.348","6,653.001"
"74493","Holding Pond","2016","2.05","Bernards Creek","1.218","1.166"
"68403","Kinloch Pond","2016","0","Broad Branch","3.146","2.749"
"60252","NORTH BUCKSKIN CREEK","2016","0","Muddy Creek","27.183","22.68"
"68388","#1 Irrigation Pond (pump station location)","2016","26","Lickinghole Creek","9.653","5.459"
"59416","ROCK QUARRY","2016","23.69","null","0.813","0.807"
"64257","BROAD BRANCH PONDS #1, #2","2016","44.5","Genito Creek","6.183","5.51"
"65167","JAMES RIVER","2016","217.092","James River","8,017.922","6,512.537"
"59400","LITTLE TUCKAHOE CREEK TRIB","2016","98.69","null","1.322","1.282"
"58829","PIT SUMP","2016","309","Little Tuckahoe Creek","6.217","5.44"
"58837","RR Pond","2016","0","Powhite Creek","13.677","11.977"
"191599","Irrigation Pond","2016","4.75","Little White Creek","1.243","1.193"
"60193","POND","2016","50.7","Michauk Creek","6.121","5.259"
"64028","FARM POND","2016","3.5","null","0.604","0.598"
"74489","Irrigation Pond","2016","12.675871","null","1.546","1.498"
"63970","QUARRY","2016","99.61","Anderson Creek","1.8","1.741"
"74495","Kanawha Pond","2016","4.15","Dover Creek","9.59","8.467"
"63768","LAKE MEADOWBROOK","2016","15.22","Falling Creek","58.042","54.464"
"61531","LAKE","2016","4.05","Chickahominy River","224.429","206.943"
"65250","JAMES RIVER UNIT #6 INTAKE","2016","131,073","James River","7,990.226","6,947.017"
"58760","JAMES R WATER TREATMENT PLANT","2016","548","James River","7,990.226","6,947.017"
"59001","JAMES RIVER UNIT #4 INTAKE","2016","30,561","James River","7,990.226","6,947.017"
"60368","JAMES RIVER UNIT #3 INTAKE","2016","15,061","James River","7,990.226","6,947.017"
"60371","JAMES RIVER UNIT #7 INTAKE","2016","26,001","James River","7,990.226","6,947.017"
"59000","JAMES RIVER UNIT #8 INTAKE","2016","27,020","James River","7,990.226","6,947.017"
"59002","JAMES RIVER UNIT #5 INTAKE","2016","65,345","James River","7,990.226","6,947.017"
"59909","JAMES RIVER","2016","12,607.5","James River","7,878.765","6,830.878"
"61550","JAMES RIVER","2016","4,511.3","James River","9,719.191","8,636.445"
"61558","JAMES RIVER","2016","35,117","James River","9,719.191","8,636.445"
"163291","Lake Hunting Hawk","2016","0","Chickahominy River","0.922","0.892"
"64706","JAMES RIVER","2016","1,780.8","James River","7,943.999","6,898.639"
"62883","FARM POND FOR FILLING PONDS","2016","28.86","null","1.035","0.946"
"64380","Chickahominy River","2016","7.07","Chickahominy River","325.809","298.77"
"58836","CHICKAHOMINY RIVER","2016","1,856","Chickahominy River","331.901","304.314"
"74498","Irrigation Pond","2016","6.71","Diascund Creek","4.963","4.506"
"59660","INTAKE-OUTFALL 040","2016","234","James River","10,891.443","9,788.11"
"59674","INTAKE-OUTFALL 041","2016","1,979","James River","10,891.443","9,788.11"
"59921","FARM POND","2016","0","null","0.529","0.49"
"61639","JAMES RIVER","2016","0","null","0.304","0.301"
"60780","Blue Heron Pond","2016","17.97283","Powhatan Creek","13.96","11.019"
"62088","FARM POND","2016","0","Jones Creek","6.724","5.691"
"62498","POWHATAN CREEK","2016","0","Powhatan Creek","20.756","16.525"
"64133","FARM POND  120 ACRE FIELD","2016","85.12","null","2.124","1.938"
"61638","STREAM","2016","0","Mill Farm Run","1.309","1.239"
"60344","FARM POND","2016","0","null","0.787","0.745"
"64268","JAMES RIVER","2016","37.43","null","0.777","0.861"
"74473","Irrigation Pond","2016","5.014","Pocoshock Creek","5.529","4.784"
"62082","RT 54 S ANNA PUMP SITE 1","2016","8.16","Ross Run","0.972","1.058"
"61597","LAKE","2016","32.6","Castle Mill Run","2.088","1.985"
"59102","FARM POND","2016","0","null","0.156","0.174"
"62057","JAMES RIVER","2016","0","null","1.114","1.232"
"58981","Gravel Pond","2016","54.2","Gunns Run","3.727","3.544"
"60353","DUG POND","2016","60","null","0.283","0.282"
"64119","EARLE BASIN DREDGE POND","2016","5","Eppes Creek","1.218","1.351"
"58918","GLENWOOD POND","2016","5.97","null","1.329","1.405"
"62063","CHICKAHOMINY RIVER","2016","6.4","null","2.653","55.896"
"58755","FARRAR GUT DUST CONTROL","2016","0","null","0.676","0.734"
"60489","FARRAR GUT DUST CONTROL","2016","0","null","0.676","0.734"
"191595","Pond on Course","2016","7.195923","Reedy Creek","2.151","2.212"
"191596","Wyndham Lake","2016","13.41","null","0.943","0.911"
"61622","SKIFF'S CREEK RESERVOIR","2016","1,002","Skiffes Creek","8.127","6.73"
"63488","RHINE RIVER PUMP","2016","0","Grove Creek","0.849","0.768"
"63703","BUSCH GARDENS LAKE","2016","15.1","Grove Creek","1.094","0.992"
"60039","WAREHAM'S POND","2016","32.3","null","0.632","0.571"
"64638","WL FROM REES JONES POND","2016","0","null","2.054","1.807"
"61053","Black Heath Pond","2016","17.350056","null","1.529","1.359"
"60779","Marsh Hawk Pond","2016","20.496894","null","0.686","0.606"
"59889","LAKESIDE LAKE","2016","12.75","North Run","19.333","16.911"
"63895","NORTH RUN","2016","0","North Run","19.333","16.911"
"59625","COLLINS RUN IRRIGATION INTAKE","2016","0","Collins Run","7.97","7.286"
"62098","KINGSMILL POND","2016","7.3","Halfway Creek","1.937","1.73"
"58970","IRRIGATION LAKE","2016","18.17","Upham Brook","19.871","17.471"
"64196","UPHAM CREEK","2016","0.85","Upham Brook","19.871","17.471"
"60076","Deer Lake Estates","2016","28.583","null","0.29","0.259"
"74511","Buckingham Lake (#8)","2016","13.326261","Falling Creek","0.939","0.884"
"74510","Monacan Lake (#1)","2016","4.47724","Falling Creek","0.939","0.884"
"59933","LEE HALL RESERVOIR","2016","16.847","null","13.668","11.429"
"59679","INTAKE-OUTFALL 021 & 022","2016","280.6","James River","10,877.599","9,774.829"
"59347","APPOMATTOX RIVER","2016","7,435.77","null","1,645.927","1,598.984"
"61595","CRUMPS MILL POND","2016","220.33","null","0.28","0.259"
"59420","LONE STAR LAKES","2016","368.8","null","0.28","0.259"
"58831","JAMES RIVER","2016","0","James River","7,865.239","6,816.554"
"65282","LEE HALL RESERVOIR","2016","7,755","null","1.886","1.753"
"59170","JAMES RIVER","2016","9.99","James River","7,999.688","6,957.288"
"58859","DIASCUND RESERVOIR","2016","4,480","Diascund Creek","50.418","45.232"
"65208","JAMES RIVER","2016","815,046.01","null","25.378","21.819"
"62077","LITTLE CREEK RESERVOIR","2016","1,241","Little Creek","5.353","4.502"
"60406","FARM POND #2","2016","0","Appomattox River","999.788","888.394"
"59368","FARM POND #1","2016","0","Appomattox River","999.788","888.394"
"60482","APPOMATTOX RIVER","2016","0","Appomattox River","999.788","888.394"
"64719","Chesdin Reservoir","2016","11,409.968","Appomattox River","1,366.938","1,334.295"
"61625","JRCC POND","2016","15.314046","null","0.555","0.533"
"59807","JAMES RIVER","2016","5","James River","8,058.926","7,021.651"
"61551","JAMES RIVER","2016","7,037.43","James River","8,058.926","7,021.651"
"58769","APPOMATTOX RIVER","2016","4","Appomattox River","776.216","666.439"
"58770","MANURE PIT RUNOFF POND","2016","0","Appomattox River","776.216","666.439"
"257222","Herring Creek","2016","10.6","Herring Creek","30.613","29.313"
"64560","APPOMATTOX RIVER","2016","6.72","Appomattox River","787.589","676.601"
"62061","POND","2016","15.31","Beus Swamp","0.323","0.332"
"61567","SWIFT CREEK RESERVOIR","2016","2,856.11","Swift Creek","74.898","64.85"
"58838","SWIFT CREEK","2016","0","Swift Creek","121.88","106.259"
"74494","Big Pond","2016","0","null","0.493","0.459"
"65057","Henshaw Farm Pond","2016","0","null","0.977","0.915"
"68409","Holding Pond","2016","9.57","Spring Run","5.271","4.459"
"64419","POND","2016","11.329","null","2.121","2.201"
"61569","APPOMATTOX RIVER","2016","395.91","null","1.984","1.792"
"61594","TROUBLESOME CREEK RESERVOIR","2016","0","null","0.913","0.822"
"90467","Irrigation Pond","2016","22.78852","null","0.549","0.494"
"61778","FARM POND #1 Jackson","2016","0","North Buckskin Creek","1.005","0.903"
"60379","FARM POND #2 GLENWOOD NORTH","2016","0","Maplewood Branch","0.03","0.027"
"60380","FARM POND #3 GLENWOOD SOUTH","2016","0","Maplewood Branch","1.115","1.004"
"63829","WEST CREEK POND","2016","0","null","1.003","0.915"
"58844","APPOMATTOX RIVER","2016","20.6","Appomattox River","1,420.844","1,374.817"
"191593","Lake","2016","0","Licking Creek","10.051","8.969"
"191600","Reservoir","2016","0.037371","West Branch Dry Creek","3.41","2.888"
"59931","QUARRY","2016","206.84","null","1.308","1.247"
"59914","BEAVER CREEK","2016","0","null","0.754","0.68"
"68421","Swift Creek Reservoir","2016","7.96","Swift Creek","61.323","53.228"
"64668","Irrigation Lake","2016","7.867","Swift Creek","61.323","53.228"
"58868","Lake Chesdin","2016","29.35","null","5.55","4.741"
"59746","BOOTH RUN","2016","27.7","null","0.825","0.842"
"60363","GOLF COURSE POND","2016","0","Eastern Branch Elizabeth River","3.808","3.552"
"68406","Sand Pit Lake","2016","27.05","West Creek","0.895","0.838"
"62171","FARM POND  50 ACRE FIELD","2016","16.57","null","0.282","0.263"
"60067","INTOWN LAKES","2016","28.06","Deep Creek","14.445","12.008"
"61632","6.5 ACRE LAKE","2016","13.58","null","0.358","0.336"
"61650","FARM POND","2016","13.5","null","0.575","0.521"
"60014","POND","2016","0","null","0.429","0.402"
"60374","LAKE WRIGHT","2016","211","Broad Creek","3.293","2.965"
"64696","POND","2016","0","null","2.101","1.876"
"64410","IRRIGATION POND  HOLE #2","2016","0","null","9.919","9.209"
"163288","Lake on #17","2016","14.385735","Western Branch Nansemond River","81.467","66.379"
"65572","Lake Meade/Kilby Station","2016","5,216.4","null","29.096","22.738"
"58873","LAKE KILBY","2016","0","null","29.096","22.738"
"58864","LAKE MEADE","2016","5,216.4","null","29.096","22.738"
"65340","LAKE MEADE PITCHKETTLE PUMP ST","2016","921.4","null","29.096","22.738"
"61596","WESTERN BRANCH RESERVOIR","2016","24,963.06","null","80.066","65.228"
"58867","FARM POND","2016","10.368","null","2.642","2.745"
"62886","TANYARD BRANCH","2016","0","Beaver Creek","4.228","3.556"
"59321","NORTHEAST CREEK RESERVOIR","2016","106.369","Northeast Creek","11.544","9.822"
"59377","SETTLING PONDS","2016","11.424332","null","1.191","1.166"
"59357","SOUTH ANNA RIVER","2016","0","null","1.191","1.166"
"61069","DUG POND","2016","0","null","2.41","2.456"
"60464","14-ACRE LAKE","2016","22.5","null","0.271","0.263"
"62750","FARM POND","2016","19.69","null","0.607","0.591"
"60434","SOUTH ANNA RIVER","2016","11.967","null","1.229","1.212"
"60592","RT 54 POND PIPE SITE 3","2016","4.76","null","1.386","1.351"
"63793","RT 54 POND PIVOT SITE 2","2016","8.05","null","1.386","1.351"
"59252","RICHARDSON POND/IRRAGATION P","2016","0","null","0.162","0.151"
"65601","Pamunkey R RT-85Ac","2016","9.72","Dickerson Swamp","2.562","2.68"
"60427","Pamunkey R NBI 70 acre","2016","10.36","Dickerson Swamp","2.562","2.68"
"59386","14 ACRE POND","2016","1.7","Herring Creek","2.651","2.629"
"59134","In Line Irrigation Lake on Spring Branch","2016","0","Spring Branch","2.452","2.209"
"60349","GOLF COURSE LAKE","2016","0","King Creek","0.358","0.32"
"59770","WALLER MILL RESERVOIR","2016","0","Queen Creek","9.372","7.359"
"61599","PAMUNKEY RIVER PIVOT 2 (formerly anything under LH 25)","2016","0","null","1.233","1.301"
"60071","YORK RIVER","2016","0","West Branch Wormley Creek","8.014","6.734"
"65357","YORK RIVER","2016","108,908.1","West Branch Wormley Creek","8.014","6.734"
"61884","Pond #1 System","2016","0","null","1.197","1.085"
"59319","BOWLERS MILL RESERVOIR","2016","4.919","null","20.064","15.309"
"64674","MEADOWS POND","2016","1,012.81","Mill Creek","4.407","3.876"
"62173","LAKE ANNA UNIT #1","2016","310,921","null","1.832","1.757"
"59680","LAKE ANNA UNIT #2","2016","318,021","null","1.832","1.757"
"90461","Pond","2016","0","null","4.636","3.954"
"60784","COURSE LAKE","2016","0","null","0.079","0.093"
"61614","LAKE #3 AND #4","2016","0","null","1.934","1.958"
"64051","Richardson Mill Pond","2016","0","Ware Creek","1.148","1.108"
"60020","POND WITHDRAWAL","2016","0","Little Neck Creek","0.985","1.135"
"74480","Irrigation Pond","2016","6.069084","Little Neck Creek","0.985","1.135"
"60261","IRRIGATION LAKE","2016","0","Little Neck Creek","1.7","1.954"
"90450","Pond A","2016","3.79","Northwest Branch Back River","25.348","21.61"
"59031","LAKE","2016","0","null","1.142","1.162"
"60161","POND","2016","21.394","null","0.309","0.32"
"61538","BACK POND (#2)","2016","0","Warrington Branch","1.018","1.108"
"63903","FRONT POND (#1)","2016","0","Warrington Branch","1.018","1.108"
"63975","Lake 3 (Nicklaus Pump Station)","2016","66.8","null","0.303","0.309"
"63880","DUG POND 2  RECHARGE FOR DP 1","2016","0","null","0.844","0.919"
"59867","DUG POND 1  FIELD IRRIGATION","2016","0","null","0.844","0.919"
"63862","FARM POND - MIDWOOD","2016","0","Walls Landing Creek","1.855","1.927"
"230371","Chesapeake Bay","2016","0","null","1.108","1.131"
"64365","POND #1","2016","55.788","Gum Branch","2.631","2.876"
"62008","POND #2","2016","58.637","Gum Branch","2.631","2.876"
"60292","RETENTION POND","2016","11.509","null","5.416","4.954"
"63884","FARM POND         DEVILS DITCH","2016","0","null","0.155","0.162"
"62696","GOIN IRRIGATION POND","2016","0","Guilford Church Branch","1.937","2.139"
"62698","BETHEL CHURCH IRRIGATION POND","2016","0","Bethel Branch","2.205","2.417"
"61151","Tasley Pond 2","2016","0","Merry Branch","1.916","2.1"
"60666","Tasley Pond 3","2016","0","Merry Branch","1.916","2.1"
"64508","Tasley Pond 4","2016","0","Merry Branch","1.916","2.1"
"68411","Impoundment Pond","2016","20.931","Church Creek","8.223","7.776"
"62030","POND","2016","7.406","Mill Branch","1.118","1.243"
"65071","Lake 19 Palmer","2016","151","null","0.681","0.695"
"65252","GOLF IRRIGATION POND","2016","0","Taylor Creek","6.653","6.525"
"58825","HARWOOD'S MILL RESERVOIR","2016","6,525","Poquoson River","11.409","9.606"
"60869","POND","2016","15.691","Ross Branch","2.373","2.61"
"60869","POND","2016","0","Ross Branch","2.373","2.61"
"232511","Pond # 3 AKA Outten East","2016","5.286","Jacobus Creek","2.04","2.143"
"60285","PEACH ORCHARD FARM POND","2016","0","Folly Creek","1.252","1.386"
"68420","IMPOUNDMENT POND #1","2016","10.932","null","1.192","1.278"
"232281","Doughty Pond Intake","2016","27.556","Occohannock Creek","1.635","1.768"
"58757","HOLLY GROVE FARM POND","2016","15.9","null","3.525","3.506"
"58757","HOLLY GROVE FARM POND","2016","0","null","3.525","3.506"
"191598","Willow Grove Farm Pond","2016","0","null","0.693","0.718"
"60354","BRANCH POND","2016","17.736","Warehouse Creek","1.831","1.915"
"60750","ROBERTS FARM POND","2016","0","Jacobus Creek","2.397","2.521"
"60327","PUBLIC LAKE","2016","0.396","Occohannock Creek","1.957","2.116"
"64693","Abrams Pond","2016","11.6","Old Castle Creek","3.47","3.251"
"60578","POND","2016","0","Hungars Creek","5.444","5.166"
"60159","UNDERHILL POND","2016","0","null","1.293","1.347"
"60256","TURNER FARM POND","2016","0","null","1.787","2.066"
"65322","FARM POND 12 BREEZE PT/CEDAR G","2016","54.3","Assawoman Creek","10.54","10.525"
"65323","FARM POND 13 HAGAN","2016","20.7","Assawoman Creek","10.54","10.525"
"65324","FARM POND 14 HOGNECK","2016","26.6","Assawoman Creek","10.54","10.525"
"63774","LARGE POND","2016","0","Whites Creek","3.406","3.39"
"59711","SMALL POND","2016","0","Whites Creek","3.406","3.39"
"58827","POND","2016","0","null","1.318","1.386"
"60264","POND","2016","0","North Fork Parker Creek","2.601","2.896"
"59177","KELLEY POND","2016","0","North Fork Parker Creek","2.601","2.896"
"191607","Impoundment Pond #1","2016","47.749","North Fork Parker Creek","2.601","2.896"
"61568","JACKSON RIVER","2016","799.34","Jackson River","584.509","438.241"
"60741","COURSEY SPRING","2016","4,468.15","Cowpasture River","286.694","199.379"
"65064","Barbours Creek","2016","38.16","Barbours Creek","58.246","37.162"
"59919","POTTS CREEK","2016","0","null","212.842","173.522"
"60833","JACKSON RIVER (FIREWATER #2)","2016","0","Jackson River","589.792","443.276"
"60395","JACKSON RIVER (WOODYARD)","2016","0","Jackson River","589.792","443.276"
"60367","JACKSON RIVER UPPER & LOWER IN","2016","13,934.99","Jackson River","589.792","443.276"
"63310","JACKSON RIVER (CARBON STORAGE)","2016","0","Jackson River","589.792","443.276"
"58958","JACKSON RIVER (COOLING WATER)","2016","0","Jackson River","589.792","443.276"
"60418","JACKSON RIVER (FIRE WATER #1)","2016","0","Jackson River","589.792","443.276"
"62146","LAKEWOOD POND","2016","0","null","2.279","2.363"
"61888","MILFORD POND","2016","0","null","2.279","2.363"
"59248","CASCADES CREEK CASCADES GOLF C","2016","0","null","17.069","12.795"
"58784","POUNDING MILL SPRING","2016","0","Jackson River","961.383","813.783"
"60026","CATAWBA CREEK","2016","583.42","Catawba Creek","27.995","22.471"
"61031","CATAWBA CREEK","2016","0","Catawba Creek","37.208","34.626"
"62661","CATAWBA CREEK","2016","4.3","Catawba Creek","61.037","57.081"
"60421","SMITH CREEK RESERVOIR","2016","383.29","Smith Creek","20.101","12.533"
"59327","BACK CREEK","2016","0","Back Creek","142.989","91.02"
"64655","BLUE SPRING","2016","1,840.39","Jackson River","67.257","39.093"
"60070","WATER TREATMENT PLANT SPRING","2016","0","null","1.527","1.32"
"64751","PAINT BANK BRANCH","2016","1,233.73","Paint Bank Branch","13.174","7.293"
"60455","HOT SPRINGS RUN","2016","0","Cascades Creek","11.27","7.236"
"59197","CASCADES-CHAPLIN-MCALLISTER SPRINGS","2016","279.497","Cascades Creek","11.27","7.236"
"60454","CASCADES CREEK LWR CASCADES GC","2016","0","Cascades Creek","11.27","7.236"
"59343","BIG SPRING","2016","0","Lick Run","6.203","4.301"
"60092","LITHIA SPRING","2016","0","null","0.086","900.49"
"163293","Wilson Creek","2016","0.462","Downy Branch","2.3","1.799"
"65130","CALFPASTURE RIVER","2016","0","Calfpasture River","256.236","186.603"
"62101","AUGUSTA SPRINGS - Municipal Spring","2016","7.960976","Little Calfpasture River","38.726","23.734"
"59384","DEERFIELD SPRING","2016","0","Hamilton Branch","32.965","19.093"
"58910","SPRING","2016","10.390719","Mill Creek","70.78","43.147"
"59367","Buffalo Creek","2016","0","Mill Creek","74.097","45.355"
"232623","Tertiary - James River","2016","0","James River","3,890.578","3,269.527"
"90478","Paradise","2016","41.085069","Carroll Creek","2.409","2.124"
"63918","BUCK'S POND","2016","6.2","Turner Run","2.318","2.255"
"60093","LAKE ANNA HYDRO DAM","2016","23,838.5","North Anna River","390.929","341.496"
"59791","MAURY RIVER","2016","0","Maury River","756.532","659.315"
"59692","Spring","2016","92.03","Smith Creek","19.253","12.541"
"59695","SPRING","2016","7.369272","Indian Gap Run","5.866","4.039"
"59256","MAURY RIVER","2016","507.61","Maury River","639.42","494.338"
"64078","HARDWARE RIVER","2016","5.31","North Fork Hardware River","37.429","26"
"59712","BUFFALO RIVER","2016","123.957","Buffalo River","129.561","87.325"
"59342","HAT CREEK","2016","11","Hat Creek","26.482","16.521"
"65640","Vegetable Garden Pond - Uncle Massie's Pond","2016","0","Tye River","174.731","93.101"
"60422","TYE RIVER","2016","73.65","Tye River","174.731","93.101"
"59946","TOTIER CREEK RESERVOIR","2016","19.805","Totier Creek","37.99","30.386"
"231637","James River","2016","5.738","James River","5,750.29","4,585.888"
"59651","JAMES RIVER WMA","2016","6.3","James River","5,230.645","4,201.292"
"64677","COE SPRINGS","2016","16.1","null","0.884","0.822"
"61615","JAMES RIVER","2016","0","James River","3,816.523","3,066.175"
"60652","HARRIS CREEK","2016","0","Harris Creek","49.489","35.336"
"232529","Primary - Harris Creek","2016","176.708","Harris Creek","49.489","35.336"
"60475","SLATE RIVER","2016","0","Slate River","280.889","245.31"
"65195","GRAHAM CREEK RESERVOIR","2016","0","Graham Creek","9.237","6.409"
"232530","Secondary - Graham Creek Reservoir","2016","226.594","Graham Creek","9.237","6.409"
"61514","ALLEN CREEK #2 - Tom's House","2016","0","Allen Creek","8.943","6.162"
"60443","HAREWOOD POND #1","2016","56.41","Allen Creek","3.155","2.162"
"64047","'07 Campbell Lake","2016","6.12","Allen Creek","3.155","2.162"
"60419","ALLEN CREEK A - Embly's Gap Creek","2016","24.48","Allen Creek","3.155","2.162"
"60212","SPRUCE CREEK","2016","0","Spruce Creek","6.991","2.861"
"60584","STONEY CREEK","2016","243.35","Stony Creek","18.655","6.556"
"64197","JUDITH CREEK RESERVOIR","2016","7.9121","null","0.318","0.236"
"64735","COOPER SPRING","2016","38.990684","null","0.558","0.533"
"64320","Potomac River","2016","0","Potomac River","12,429.817","11,231.282"
"59006","POTOMAC RIVER INTAKE","2016","34,514.85","Potomac River","12,452.832","11,253.754"
"90464","Potomac River","2016","67.166377","Potomac River","12,323.265","11,126.494"
"90476","Potomac River","2016","0","Potomac River","12,323.265","11,126.494"
"74482","Pond","2016","0","Johnny Moore Creek","0.548","0.537"
"59948","WARRENTON RESERVOIR","2016","484.98","Cedar Run","14.311","12.073"
"59786","LAKE","2016","45.663973","Johnny Moore Creek","1.008","0.992"
"64678","ACCOTINK CR-DANIELS RUN","2016","6.33","Accotink Creek","8.296","6.954"
"59269","POND #6","2016","36","Big Rocky Run","5.123","4.417"
"58835","Pit Discharge","2016","161.07","null","0.586","0.595"
"90484","Irrigagion Pond","2016","27.3","Mill Run","8.566","7.178"
"58740","Broad Run","2016","0","North Fork Broad Run","1.718","1.618"
"64727","ON-SITE RESERVOIR, STREAM FED","2016","43.23","Flatlick Branch","8.761","7.768"
"68396","Ponds (3)","2016","18.60418","null","1.107","1.042"
"60491","2.5 ACRE POND (#18)","2016","0","Broad Run","85.906","75.356"
"59060","Lake","2016","46.5","Giles Run","5.366","4.961"
"59793","POND #14","2016","15.92","East Fork Popes Head Creek","1.368","1.293"
"63998","LAKE 1","2016","26.8","Pohick Creek","18.139","15.946"
"60196","POND","2016","19.17","null","39.477","35.572"
"59005","OCCOQUAN RESERVOIR","2016","24,871.84","Occoquan River","751.244","592.138"
"90485","Occoquan Reservoir","2016","0","Airport Creek","4.364","3.969"
"59937","ON SITE POND","2016","42.969","Long Branch","1.212","1.386"
"60603","POND","2016","9.37","Dogue Creek","2.558","2.753"
"60448","POND","2016","7.814","null","0.438","0.448"
"59280","POND","2016","3.7","null","0.946","0.954"
"61555","PONDS #1, #2 AND #3","2016","15.576","null","1.68","1.834"
"58779","LOUDOUN GOLF & CC POND","2016","10.414044","null","1.68","1.834"
"58772","BURKE LAKE","2016","8.351","South Run","1.786","1.73"
"90481","Irrigation Pond","2016","0","Broad Run","74.904","65.56"
"59990","LAKE MANASSAS - VA OAKS GC","2016","0","Broad Run","85.033","74.556"
"60034","LAKE MANASSAS - TRENT GC","2016","0","Broad Run","85.033","74.556"
"65532","Lake Manassas","2016","0","Broad Run","85.033","74.556"
"65532","Lake Manassas","2016","4,879.625","Broad Run","85.033","74.556"
"58913","LAKE MANASSAS - STONEWALL GC","2016","0","Broad Run","85.033","74.556"
"59008","WL FROM QUANTICO CREEK","2016","2.54","Quantico Creek","28.461","27.402"
"59742","QUARRY - PIT SUMP DISCHARGE","2016","0","Accokeek Creek","10.853","10.243"
"74490","Lake Montclair","2016","0","Powells Creek","15.623","14.413"
"68386","Powell's Creek","2016","4.156","Powells Creek","19.325","18.097"
"58808","AQUIA CREEK","2016","0","Aquia Creek","33.985","30.738"
"65163","LAKE CURTIS","2016","11.14","Long Branch","2.39","2.328"
"60365","FARM POND  #3","2016","0","Nomini Creek","39.795","38.101"
"61066","BRYANT POND","2016","0","null","0.496","0.506"
"59638","FARM POND #3","2016","5.074","Marshall Creek","2.112","2.216"
"64201","FARM POND #1","2016","27.05","Marshall Creek","2.112","2.216"
"64182","FARM POND #2","2016","40.5","Marshall Creek","2.112","2.216"
"58809","PIT PUMP DISCHARGE","2016","281.602","null","0.702","0.726"
"64167","FARM POND #1 (LARGE)","2016","10.112","null","0.613","0.645"
"59348","FARM POND #2 (SMALL)","2016","14.917","null","0.256","0.27"
"90457","#9 Pond","2016","0","Little Creek","3.457","3.425"
"59345","LUNGA RESERVOIR","2016","0","Beaverdam Run","12.221","10.861"
"74497","Aquia Creek","2016","6.87","Aquia Creek","63.048","59.958"
"59912","POTOMAC RIVER","2016","54,825","null","36.56","38.965"
"65049","BEAVERDAM RESERVOIR","2016","247.89","Beaverdam Swamp","19.68","17.398"
"65049","BEAVERDAM RESERVOIR","2016","19.8132","Beaverdam Swamp","19.68","17.398"
"60376","SMITH LAKE","2016","2,352.919","Aquia Creek","38.393","37"
"60485","BRECKENRIDGE RESERVOIR","2016","353.574","null","19.03","17.433"
"61557","GEORGETOWN-HINTON","2016","0","Head River Branch","5.379","4.622"
"65052","#1Little Pond","2016","0","Wilton Creek","0.919","0.873"
"59788","#3Gilberts Pond","2016","10.2","Wilton Creek","0.919","0.873"
"60345","FARM POND","2016","0","null","0.896","0.903"
"60885","FARM POND   PIVOT IN FIELD","2016","0","null","0.896","0.903"
"59646","Irrigation Pond","2016","8.803","Indian Creek","7.231","6.004"
"64745","#10 LAKE","2016","13.53","Rapidan River","133.317","73.471"
"60069","RAPIDAN RIVER","2016","217.731","Rapidan River","167.96","115.935"
"63594","INTAKE #2 (Marsh Run)","2016","0.7","Marsh Run","20.775","16.676"
"60973","Intake #4 (Rapidan R)","2016","0","Rapidan River","199.974","141.53"
"62988","RAPIDAN RIVER - RIVER BOTTOM (Intake #3)","2016","0","Rapidan River","228.94","165.178"
"60110","BLUE RUN - UPLANDS (Intake #1)","2016","0","Blue Run","30.828","23.599"
"65227","RAPPAHANNOCK RIVER","2016","14","Rappahannock River","784.201","634.705"
"59748","RAPPAHANNOCK R - NORMANS FORD","2016","16.9","Rappahannock River","784.201","634.705"
"60593","RAPPAHANNOCK R - SUMERDUCK RD (Tharpe Farms)","2016","15","Rappahannock River","784.201","634.705"
"60334","MAIN LAKE","2016","10.109","null","8.593","7.135"
"59776","RAPIDAN RIVER","2016","295.937","Flat Run","10.941","9.097"
"64776","COCKRELL CREEK","2016","572.508","Cockrell Creek","4.574","4.1"
"285592","Robertson Lake","2016","13.3065","Rapidan River","324.135","244.395"
"59672","RAPIDAN R TO HUNTING RUN RES","2016","0","Rapidan River","880.527","686.949"
"59814","RAPIDAN RIVER","2016","421.8","Rapidan River","303.899","224.858"
"60426","LAKE IRVINGTON","2016","29","null","1.946","1.788"
"163295","Irrigation Pond","2016","8.32","null","1.408","1.293"
"60064","WHITE OAK LAKE","2016","0","Whiteoak Run","18.718","13.695"
"60369","LAKE PELHAM","2016","675.39","Mountain Run","32.344","26.162"
"64265","Irr System. Pond ","2016","0","Jetts Creek","4.433","4.158"
"65184","MOTTS RUN RESERVIOR","2016","366.52","Mine Run","11.631","10.456"
"61589","RESERVOIR","2016","28.27","null","1.68","1.49"
"62121","Rappahannock #1 EAGLE TREE","2016","0","Rappahannock River","2,193.39","1,938.452"
"65663","Rappahannock #3 SOUTH","2016","0","Rappahannock River","2,193.39","1,938.452"
"64406","Rappahannock #2 GRIGSBY","2016","0","Rappahannock River","2,193.39","1,938.452"
"61068","HOUSE PUMP - WOODLAWN","2016","20.08","Gingoteague Creek","13.372","12.583"
"230368","CREEK PUMP - WOODLAWN","2016","53.4","Gingoteague Creek","13.372","12.583"
"58834","RAPPAHANNOCK RIVER","2016","138.99","Rappahannock River","2,155.324","1,898.896"
"63789","LAKE HOLIDAY","2016","0","Rappahannock River","1,991.997","1,732.795"
"60473","RAPPAHANNOCK R - CAMDEN RD","2016","35.9","Rappahannock River","2,105.975","1,847.459"
"60307","FARM POND","2016","0","Woods Creek","0.407","0.386"
"64000","River","2016","34.92","Rappahannock River","2,191.353","1,936.286"
"62078","RAPPAHANNOCK RIVER PUMP #1","2016","46.88","Rappahannock River","2,005.965","1,747.181"
"63772","RAPPAHANNOCK RIVER PUMP #2","2016","60.09","Rappahannock River","2,005.965","1,747.181"
"65661","PeeDee Creek #6 FLATS new","2016","0","Peedee Creek","6.283","6.012"
"60470","PeeDee Creek #2 GOULDMAN","2016","0","Peedee Creek","6.283","6.012"
"62039","PEE DEE CR #1 CORBET","2016","0","Peedee Creek","6.283","6.012"
"60425","PeeDee #4 FLATS old","2016","0","Peedee Creek","6.283","6.012"
"62064","RAPPAHANNOCK R - HAZELWOOD LN","2016","7.1","Rappahannock River","2,042.648","1,783.957"
"62122","PeeDee Creek #3 WASHINGTON","2016","0","Peedee Creek","14.005","13.344"
"59307","PeeDee Creek #5 EAGLE TREE drip","2016","0","Peedee Creek","14.005","13.344"
"64478","Stream Intake","2016","67.45","Baylors Creek","12.846","11.954"
"59928","RUFFENS POND","2016","0","Massaponax Creek","41.759","38.166"
"68393","Lee's Hill Pond","2016","6.013","Massaponax Creek","23.845","21.834"
"68389","Rappahannock River","2016","1,249.289","Rappahannock River","1,787.664","1,575.856"
"58861","POND","2016","23.217","Rappahannock River","1,902.446","1,641.999"
"61065","RAPPAHANNOCK RIVER - WALSINGHM","2016","85.09","Rappahannock River","2,066.883","1,808.309"
"60591","RAPPAHANNOCK RIVER","2016","232","Rappahannock River","1,979.537","1,720.536"
"63663","RAPPAHANNOCK RIVER PUMP #4","2016","37.22","Rappahannock River","1,979.537","1,720.536"
"61075","HAYFIELD POND","2016","0","Rappahannock River","1,972.762","1,713.776"
"65185","RAPPAHANNOCK RIVER","2016","2,821.89","Rappahannock River","1,794.01","1,582.319"
"64102","LINE CREEK","2016","0","null","1.126","1,933.954"
"90482","Holding Pond","2016","8.3","null","0.47","0.479"
"58823","FARM POND","2016","49.92","null","2.721","2.853"
"58824","FARM POND 2","2016","57.73","null","2.721","2.853"
"60551","RAPPAHANNOCK RIVER","2016","458.32","null","0.729","0.749"
"64600","Pond 12 Celebrate! Virginia North","2016","0","null","1.284","1.32"
"60350","RAPPAHANNOCK R DRIP PUMP","2016","0","Rappahannock River","1,950.395","1,690.729"
"59266","RAPPAHANNOCK RIVER","2016","0","Rappahannock River","1,950.395","1,690.729"
"60702","RAPPAHANNOCK RIVER PUMP #3","2016","48.81","Rappahannock River","2,020.801","1,762.405"
"59834","RAPPAHANNOCK RIVER","2016","16.4","Rappahannock River","2,020.801","1,762.405"
"64502","MATTAPONI RIVER - BARLOW","2016","8.207","Mattaponi River","422.67","406.836"
"59419","MATTAPONI RIVER - POCKETS","2016","48.216","Mattaponi River","626.085","609.072"
"65186","NI RIVER RESERVOIR","2016","869.13","Ni River","29.317","25.718"
"58778","NI RIVER","2016","1.3976","Ni River","41.272","36.602"
"63804","RAPPAHANNOCK RIVER","2016","0","Rappahannock River","1,864.653","1,602.346"
"231374","Mattaponi River","2016","0.698","Mattaponi River","889.363","853.641"
"59373","MATTAPONI RIVER - BURRIS","2016","29.382","Reedy Creek","30.279","26.749"
"62091","CHAPEL CREEK","2016","63.2","Chapel Creek","38.239","35.209"
"61587","MATTAPONI R  REFILL FOR TODDSB","2016","42","Mattaponi River","678.351","657.871"
"64250","Fawn Lake","2016","44.81","Greenfield Creek","4.768","4.046"
"61566","MATTAPONI R  BEWDLEY","2016","27.1","Mattaponi River","758.544","731.536"
"60298","MATTAPONI RIVER BESIDE BRIDGE","2016","0","Mattaponi River","772.555","744.856"
"63832","MATTAPONI RIVER BY MILL DAM B","2016","0","Mattaponi River","772.555","744.856"
"63114","COURTHOUSE CREEK","2016","0","null","1.14","1.178"
"59380","FARM POND - SANDY SPRINGS","2016","25.053","null","2.682","2.622"
"58878","8-9 Crossing","2016","0","null","1.406","1.382"
"60303","TODDSBERRY POND","2016","52.3","Buckyard Branch","2.527","2.591"
"61576","FARM POND 4","2016","0","Mitchell Hill Creek","4.471","3.988"
"59106","Pamunkey River - CH16 29.4 acres","2016","4.05","Pamunkey River","1,122.324","1,078.684"
"64176","PAMUNKEY RIVER - CH8  190.6 ACRES","2016","26.2","Pamunkey River","1,122.324","1,078.684"
"63506","Pamunkey River - CH7 39.6acres","2016","8.91","Pamunkey River","1,122.324","1,078.684"
"59621","PAMUNKEY RIVER - CH6 72.9 ACRES","2016","10.02","Pamunkey River","1,122.324","1,078.684"
"59762","PAMUNKEY RIVER - SH 3,6,7 WB 1","2016","2.11","Pamunkey River","1,197.928","1,153.584"
"59267","MAIN PUMPHOUSE RESERVOIR","2016","22.474948","null","1.048","1.077"
"61532","PAMUNKEY RIVER - LS 1 1A","2016","4.5","Pamunkey River","1,187.788","1,143.217"
"65498","SLATERS 3T","2016","6","Pamunkey River","1,187.788","1,143.217"
"61007","PAMUNKEY RIVER - LS4 HP","2016","0","Pamunkey River","1,187.788","1,143.217"
"64646","PAMUNKEY RIVER - LS2 HP","2016","7","Pamunkey River","1,187.788","1,143.217"
"65593","Slaters 7T","2016","6","Pamunkey River","1,187.788","1,143.217"
"61613","SLATERS 6T","2016","4.25","Pamunkey River","1,187.788","1,143.217"
"64191","PAMUNKEY RIVER - NW 3, 4, 5, & 6","2016","52.08","Pamunkey River","916.274","1,064.248"
"64532","FARM POND","2016","21.64","Walkerton Branch","0.806","0.834"
"59378","PAMUNKEY RIVER - R1","2016","2.034","Pamunkey River","1,211.982","1,167.862"
"59374","PAMUNKEY RIVER - CLOP","2016","16.87","Pamunkey River","1,211.982","1,167.862"
"60250","PAMUNKEY RIVER - R7","2016","6.381","Pamunkey River","1,211.982","1,167.862"
"60253","PAMUNKEY R - 140 A  VEGETABLES","2016","62","Pamunkey River","1,213.482","1,169.406"
"60522","PAMUNKEY RIVER","2016","56.6","Pamunkey River","1,213.482","1,169.406"
"60355","PAMUNKEY R - 70 A  VEGETABLES","2016","37.5","Pamunkey River","1,242.399","1,200.642"
"58871","PAMUNKEY RIVER - ML 7 & 8 (Manskin)","2016","16.84","Pamunkey River","1,242.399","1,200.642"
"65309","PAMUNKEY RIVER - QF1","2016","4.11","Pamunkey River","1,250.821","1,209.31"
"64264","PAMUNKEY RIVER - NC2 (NEWCASTLE)","2016","11.68","Pamunkey River","1,251.877","1,210.403"
"63920","PAMUNKEY RIVER PIVOT 3 (formerly anything with LH 15,18 or19)","2016","0","Pamunkey River","1,258.197","1,216.986"
"64245","NORTH ANNA RIVER - MF4","2016","19.74","North Anna River","396.429","465.813"
"59616","NORTH ANNA RIVER - MF3","2016","12.1","North Anna River","396.429","465.813"
"65402","NORTH ANNA RIVER","2016","21","North Anna River","396.429","465.813"
"61565","NORTH ANNA RIVER","2016","1,331.5079","North Anna River","396.429","465.813"
"60514","NORTH ANNA RIVER","2016","450.29","North Anna River","396.429","465.813"
"59865","DAM CREEK","2016","0","Moncuin Creek","28.133","26.023"
"60995","PAMUNKEY RIVER PIVOT 1 (formerly anything under LH 20, 22 or 24)","2016","0","Pamunkey River","1,290.386","1,249.97"
"60317","PAMUNKEY RIVER   SK1  70 ACRES","2016","11.64","Pamunkey River","1,330.146","1,291.735"
"62923","PAMUNKEY RIVER   SK3  80 ACRES","2016","8.5","Pamunkey River","1,330.146","1,291.735"
"68397","Pamunkey River SK4 25AC","2016","0","Pamunkey River","1,330.146","1,291.735"
"68398","Pamunkey River NB4 68AC","2016","7.92","Pamunkey River","1,330.146","1,291.735"
"62829","PAMUNKEY RIVER   SK3  30 ACRES","2016","5.17","Pamunkey River","1,330.146","1,291.735"
"62561","PAMUNKEY RIVER   SK2  55 ACRES","2016","5.47","Pamunkey River","1,330.146","1,291.735"
"60910","NEWFOUND RIVER","2016","26.1","Newfound River","37.088","32.633"
"59083","FARM POND","2016","0.74","Newfound River","37.088","32.633"
"63815","S ANNA PUMP SITE 8 RT738 F3","2016","23.49","South Anna River","483.743","460.836"
"62083","S ANNA PMP SITE 7 R617 PIPE F2","2016","3.54","South Anna River","342.715","291.901"
"60612","S ANNA PMP SITE 6 R617 PVOT F2","2016","7.16","South Anna River","342.715","291.901"
"65293","S ANNA PUMP SITE 9 RT738 F3","2016","0","South Anna River","342.715","291.901"
"63897","SOUTH ANNA RIVER","2016","11.23","South Anna River","349.368","297.889"
"90453","South Anna River","2016","8","South Anna River","433.58","373.114"
"62092","SOUTH ANNA RIVER #1","2016","2.5","South Anna River","444.496","382.851"
"60461","SOUTH ANNA RIVER #2","2016","2.5","South Anna River","444.496","382.851"
"62725","SOUTH ANNA RIVER","2016","0","South Anna River","410.159","395.172"
"60626","S ANNA PUMP SITE 4 FIELD 7 F1","2016","0.54","South Anna River","410.159","395.172"
"64061","South Anna River","2016","0","South Anna River","414.347","398.944"
"60625","S ANNA PUMP SITE 5 FIELD 15 F1","2016","3.08","South Anna River","414.347","398.944"
"59362","MARACOSSIC CREEK - POYNERS","2016","14.362","Maracossic Creek","40.573","35.749"
"59218","GORDONSVILLE QUARRY","2016","0.002","South Anna River","12.007","9.348"
"63914","Quarry","2016","0.020788","South Anna River","12.007","9.348"
"60994","LAKE CAROLINE","2016","0","Stevens Mill Run","10.91","9.695"
"61590","WALKERTON MILL POND  NECKFIELD","2016","37.4","Walkerton Branch","4.318","4.05"
"60194","FARM POND - HORN QUARTER 4&5","2016","19.658","Hornquarter Creek","4.803","4.212"
"59756","Pamunkey River - Burnley B1,2","2016","0","null","0.775","0.784"
"59611","FARM POND","2016","0","null","0.479","0.506"
"62072","FARM POND","2016","42","null","0.426","0.429"
"64880","TOM'S CREEK RESERVOIR","2016","0","Toms Creek","9.07","5.568"
"64914","UPPER BANNER MINE RESERVOIR","2016","158.736","Toms Creek","9.07","5.568"
"64935","WISE RESERVOIR","2016","0","null","2.758","1.857"
"65023","LOWER MINE PORTER SP","2016","0","null","2.429","1.575"
"58870","LITTLE RIVER","2016","177.941","Laurel Creek","8.888","5.185"
"64928","JAMISON CREEK","2016","6.01","Jamison Creek","0.921","0.641"
"65180","COAL CREEK ABOVE READ ASH","2016","0","Left Fork Coal Creek","3.233","2.255"
"74476","#3 Pond","2016","2.420078","Deskin Creek","3.907","2.409"
"64873","SEVEN SPRINGS","2016","66.24391","Seven Spring Creek","2.264","1.629"
"64916","LAKE WHITTEN","2016","317.409","Cavitts Creek","6.535","4.224"
"63178","LAKE BONAVENTURE","2016","2.466","Chaney Creek","11.048","7.556"
"64967","CHANEY CREEK","2016","0","Chaney Creek","11.048","7.556"
"59098","Creek Pump","2016","3.06","Callahan Creek","12.678","5.988"
"68418","Pond Pump","2016","12.959","Callahan Creek","12.678","5.988"
"90459","Powell River","2016","0","Powell River","697.253","398.569"
"64861","WYNN SPRING & Barker Spring (volumes combined, 2012MAM)","2016","122.97","Town Branch","20.591","13.487"
"64932","ROBINETTE BRANCH","2016","0","Robinet Branch","1.246","0.486"
"58783","LOWER LAKE","2016","254.8","Benges Branch","3.265","1.124"
"64798","POWELL RIVER","2016","0","null","1.08","0.66"
"64891","BLUE SPRING","2016","53.491","null","5.083","3.035"
"64818","SOUTH FORK POWELL RIVER","2016","740.698","South Fork Powell River","15.212","5.541"
"65578","KVS Quarry Pond","2016","132.616","null","1.878","1.073"
"64799","APPALACHIA RESERVOIR","2016","186.01","Bens Branch","1.258","0.598"
"65486","Powell River to Reservoir","2016","0","Bens Branch","1.258","0.598"
"60046","NEW RIVER","2016","14.8","New River","4,187.225","2,811.309"
"58955","NEW RIVER (PUMP HOUSES 407 AND 408) WTP#1","2016","6,311.54","New River","4,187.225","2,811.309"
"60622","NEW RIVER","2016","2,518.17","New River","4,187.225","2,811.309"
"65604","new river","2016","0","New River","4,187.225","2,811.309"
"59393","PEAK CREEK","2016","843.32","Peak Creek","36.689","32.282"
"65028","REED CREEK","2016","806.48","Reed Creek","180.907","149.931"
"59618","NEW RIVER","2016","888.01","New River","4,046.731","2,745.235"
"64933","CHESTNUT CREEK","2016","648.73","Chestnut Creek","83.289","45.371"
"90460","Pond","2016","22.903788","Stone Mountain Creek","18.102","6.946"
"65034","LITTLE REED ISLAND CREEK","2016","88.26","Little Reed Island Creek","48.841","23.309"
"64777","DUCK POND","2016","9.11","Stroubles Creek","3.425","3.077"
"61592","POND","2016","10.129535","Pine Creek","17.717","11.151"
"64924","EAGLE BOTTOM CREEK","2016","0","Eagle Bottom Creek","3.979","3.162"
"60645","CLAYTOR LAKE","2016","709.716","Pine Run","1.221","1.266"
"74503","Thorn Spring Branch","2016","0","Thorne Springs Branch","2.528","2.811"
"64285","PHILLIPI SPRING AND WELL","2016","93.32","null","2.229","1.946"
"64937","SPRING FED LAKE","2016","4.85","null","0.417","0.459"
"64114","","2016","0","Hogan Branch","2.655","2.683"
"65035","NEW RIVER","2016","655.335","New River","2,563.784","1,512.779"
"58921","LITTLE RIVER","2016","20.555","Little River","359.188","234.924"
"64960","NEW RIVER","2016","0","New River","2,340.599","1,331.044"
"64801","BLUESTONE RIVER","2016","371.831","Bluestone River","30.888","17.784"
"64908","BLUESTONE RIVER","2016","0","Bluestone River","30.888","17.784"
"64965","BLUESTONE RIVER","2016","0","Bluestone River","32.713","19.232"
"64188","NEW RIVER","2016","19,219.03","New River","4,923.491","3,478.891"
"64930","KIMBERLING CREEK","2016","50.05979","Kimberling Creek","112.335","94.977"
"65025","ABBS VALLEY CREEK","2016","0","Bluestone River","123.725","89.981"
"64788","NEW RIVER","2016","0","New River","2,353.304","1,340.793"
"65200","WOLF CREEK","2016","1.27","Wolf Creek","170.367","112.916"
"62730","New River","2016","0","New River","4,430.651","3,047.866"
"59993","STONY CREEK","2016","210.84","Stony Creek","76.955","48.9"
"64931","COX'S BRANCH RESERVOIR","2016","76.9","Cox Branch","5.58","2.83"
"90466","Stream","2016","0","null","0.771","0.521"
"64792","KNOX CREEK","2016","0","Knox Creek","91.987","64.274"
"65566","McClure River","2016","23.88464","McClure River","89.743","52.877"
"64819","DISMAL RIVER","2016","112.522","Dismal Creek","144.734","90.969"
"64817","DISMAL RIVER","2016","87.666","Dismal Creek","144.734","90.969"
"64904","LICK FORK","2016","13.126","Lick Fork","7.846","4.571"
"64820","CANEY CREEK","2016","456.678","Lick Fork","7.846","4.571"
"64917","CRANESNEST RIVER","2016","0","Lick Fork","7.846","4.571"
"64919","ABANDONED MINE SPRING","2016","0","Lick Fork","7.846","4.571"
"65342","LEVISA FORK","2016","0","Levisa Fork","424.94","288.719"
"59413","LEVISA RIVER","2016","236.608","Levisa Fork","390.305","297.395"
"59877","POUND RESERVOIR","2016","0","North Fork Pound River","30.115","17.255"
"65175","JOHN FLANNAGAN RESERVOIR","2016","1,725.452","Pound River","317.633","221.059"
"65331","FARM POND  7  DAVIS","2016","22.5","Beaverdam Branch","4.737","4.629"
"65328","FARM POND  4  H NOCK/HH","2016","40.7","null","0.695","0.807"
"65333","FARM POND  9  NEW LAND","2016","43.8","null","1.086","1.22"
"65327","FARM POND  3  TOWNSEND","2016","60.2","null","0.453","0.525"
"65325","FARM POND  1  DUBLIN","2016","84.4","Snead Branch","2.049","2.34"
"65330","FARM POND  6  MADDOX","2016","42.5","Little Mosquito Creek","1.287","1.494"
"65326","FARM POND  2  HICKMAN","2016","45.3","Selby Mill Branch","1.592","1.757"
"65332","FARM POND  8  POP GROVE/PRKR","2016","25.6","null","1.778","2.039"
"65321","FARM POND 10 BALDTRIP","2016","13.9","null","1.778","2.039"
"62100","VANDEVENDER SPRING","2016","868.81","Strait Creek","44.9","26.923"
"63249","CLEARBROOK QUARRIES","2016","664.9","Turkey Run","4.555","4.876"
"62478","ABRAMS CREEK","2016","17.575","Abrams Creek","16.237","14.637"
"58856","BACK CREEK","2016","0","Back Creek","17.899","16.436"
"59360","SOUTH RIVER","2016","1","South River","250.1","177.051"
"62139","MOSSY CREEK","2016","0","North River","221.147","171.395"
"64530","North River","2016","0","North River","221.147","171.395"
"63136","STAUNTON DAM","2016","637.31","North River","44.153","26.035"
"61601","DRY RIVER","2016","1,279.04","Dry River","91.615","54.838"
"59790","SOUTH R  DWNSTREAM OF RED MILL","2016","54.97","South River","269.179","190.287"
"65337","SOUTH RIVER  20 AC","2016","0","South River","269.179","190.287"
"65336","SOUTH RIVER  PASTURE","2016","0","South River","269.179","190.287"
"59272","TRIB TO SOUTH RIVER","2016","0","South River","269.179","190.287"
"58916","SOUTH RIVER","2016","7","South River","269.179","190.287"
"63816","SOUTH RIVER","2016","0","South River","289.163","202.503"
"59246","SOUTH RIVER #2","2016","0","South River","302.67","209.665"
"65490","North River","2016","79.775","North River","378.161","296.299"
"58940","NORTH RIVER","2016","1,315.56","North River","378.161","296.299"
"62110","NORTH RIVER","2016","0","North River","378.161","296.299"
"62141","DRY RIVER","2016","0","Dry River","122.255","78.251"
"64286","DRY RIVER","2016","0","Dry River","157.468","120.093"
"64474","North River","2016","0","North River","427.003","380.106"
"59245","SOUTH RIVER #1","2016","0","South River","302.916","209.893"
"60500","NORTH RIVER","2016","710.5","North River","455.307","414.519"
"63962","NORTH RIVER","2016","4.8","North River","457.379","416.979"
"62090","CONFLUENCE OF MIDDLE & NORTH","2016","0","North River","459.617","419.569"
"59418","CHRISTIANS CREEK  60 ACRES","2016","0","Christians Creek","33.581","26.977"
"59415","CHRISTIANS CREEK  154.2 ACRES","2016","0","Christians Creek","33.581","26.977"
"60243","CHRISTIANS CREEK","2016","7.3","Christians Creek","33.581","26.977"
"61084","NORTH RIVER","2016","0","North River","825.119","803.583"
"64700","South Fork Shenandoah River","2016","4.95","South Fork Shenandoah River","1,062.363","1,067.966"
"63740","Shenandoah River","2016","0","South Fork Shenandoah River","1,055.806","1,061.981"
"59876","Shenandoah River","2016","0.71","South Fork Shenandoah River","1,669.695","1,511.667"
"60294","MIDDLE RIVER","2016","0","Middle River","241.652","257.163"
"191604","Middle River","2016","40","Middle River","353.187","367.971"
"60378","SPRING","2016","0","Middle River","358.817","374.739"
"62755","MIDDLE RIVER","2016","0","Middle River","358.817","374.739"
"191605","Middle River","2016","82","Middle River","358.817","374.739"
"63691","MIDDLE RIVER","2016","0","Middle River","363.146","379.921"
"63898","LONG GLADE CREEK","2016","16.8","Long Glade Creek","13.691","15.448"
"62126","SPRING - TENCH","2016","0","South River","169.486","127.028"
"64497","SOUTH RIVER - TENCH III","2016","0","South River","169.486","127.028"
"59132","BAKER SPRING","2016","52.058","South River","169.212","134.943"
"60771","North River","2016","0","South River","180.477","142.711"
"64503","SOUTH RIVER","2016","3.071","South River","180.477","142.711"
"62086","South Fork Shenandoah River","2016","0","South River","180.477","142.711"
"60163","BACK CREEK","2016","0","Back Creek","92.33","41.579"
"59381","DICES SPRING","2016","55.778","Naked Creek","19.303","22.931"
"59629","Hite Spring","2016","257.73","Dry Run","19.95","13.877"
"65345","SPRING","2016","0","East Hawksbill Creek","25.306","17.035"
"59922","SOUTH RIVER - HARTMAN","2016","0","South River","114.259","78.969"
"59915","BERRY FARM SPRING","2016","103.414731","Falling Spring Run","3.872","4.039"
"58773","CUB RUN","2016","62.4","Cub Run","23.371","21.73"
"65403","LAKE","2016","9.032","Cub Run","23.371","21.73"
"64707","Shenandoah River","2016","2.1","South Fork Shenandoah River","1,067.046","1,072.819"
"61517","SOUTH FORK SHENANDOAH RIVER","2016","0","South Fork Shenandoah River","1,067.046","1,072.819"
"62099","SILVER LAKE SPRING","2016","86.048","Cooks Creek","15.813","22.054"
"58786","POND","2016","20.25","Cooks Creek","15.813","22.054"
"60911","SILVER LAKE","2016","0","Cooks Creek","15.813","22.054"
"59903","COOKS CREEK","2016","0","Cooks Creek","15.813","22.054"
"64561","Cooks Creek","2016","0","Cooks Creek","15.813","22.054"
"65346","COOKS CREEK","2016","0","Cooks Creek","15.813","22.054"
"60496","COOKS CREEK","2016","0","Cooks Creek","15.813","22.054"
"59768","SF SHENANDOAH RIVER","2016","0","South Fork Shenandoah River","1,171.981","1,084.665"
"64210","South Fork Shenandoah","2016","12","South Fork Shenandoah River","1,171.981","1,084.665"
"58775","South Fork Shenandoah River","2016","43.9","South Fork Shenandoah River","1,171.981","1,084.665"
"59778","Shenandoah River","2016","18","South Fork Shenandoah River","1,222.709","1,126.873"
"64717","GOLF COURSE POND","2016","0","Isaacs Creek","13.964","13.795"
"61079","SOUTH FORK SHENANDOAH RIVER","2016","0","null","0.424","1,067.12"
"64060","SOUTH RIVER","2016","0","South River","85.996","56.406"
"63837","HAWKSBILL CREEK","2016","0","Hawksbill Creek","43.998","30.795"
"65344","HAWKSBILL CREEK","2016","0","Hawksbill Creek","43.998","30.795"
"60753","HUDSON SPRING","2016","0","Hawksbill Creek","43.998","30.795"
"60890","Shenandoah River","2016","25","South Fork Shenandoah River","1,247.288","1,147.318"
"59721","SHENANDOAH RIVER 100 AC","2016","0","South Fork Shenandoah River","1,293.449","1,181.028"
"59721","SHENANDOAH RIVER 100 AC","2016","0","South Fork Shenandoah River","1,293.449","1,181.028"
"233020","SF SHENANDOAH RIVER 190 ACRES","2016","11.96","South Fork Shenandoah River","1,293.449","1,181.028"
"60366","SOUTH FORK SHENANDOAH RIVER","2016","3.6","South Fork Shenandoah River","1,291.646","1,179.094"
"61556","SOUTH FORK SHENANDOAH RIVER","2016","0","South Fork Shenandoah River","1,349.183","1,228.55"
"59101","S FORK SHENANDOAH RIVER","2016","24.79","South Fork Shenandoah River","1,539.343","1,404.917"
"58854","Beaver Creek","2016","37.1","Beaver Creek","16.263","16.224"
"61535","BEAVER CREEK","2016","0","Beaver Creek","16.263","16.224"
"63873","BEAVER CREEK","2016","0","Beaver Creek","16.263","16.224"
"59346","COLES RUN RESERVOIR","2016","169.291715","South River","110.491","75.707"
"59924","SOUTH RIVER - KOONTZ","2016","0","South River","110.491","75.707"
"59023","SPRING","2016","1.6","North Fork Shenandoah River","314.966","331.619"
"61105","N F SHENANDOAH R - SVA LAND","2016","3.01","North Fork Shenandoah River","314.966","331.619"
"59423","NF SHENANDOAH RIVER    HOME","2016","0","North Fork Shenandoah River","314.966","331.619"
"62109","NORTH FORK SHENANDOAH RIVER","2016","0","North Fork Shenandoah River","314.966","331.619"
"59959","NF SHENANDOAH RIVER    GOODS","2016","0","North Fork Shenandoah River","314.966","331.619"
"59902","COINER SPRINGS","2016","7.331","null","6.839","5.39"
"59341","NORTH FORK SHENANDOAH RIVER","2016","0","North Fork Shenandoah River","479.102","534.384"
"62085","NORTH FORK SHENANDOAH RIVER","2016","0","North Fork Shenandoah River","479.102","534.384"
"64168","STONY CREEK","2016","75.66","Stony Creek","18.029","17.51"
"63922","MOSSY CREEK","2016","0","Mossy Creek","13.956","15.734"
"60974","POGUE RUN","2016","8.479426","Poague Run","4.254","4.475"
"59105","GARDNER SPRING","2016","680.6","Poague Run","4.254","4.475"
"60132","MEADOW RUN","2016","0","Meadow Run","20.202","19.108"
"63783","MEADOW RUN","2016","0","Meadow Run","20.202","19.108"
"59066","FARM POND","2016","0","Meadow Run","20.202","19.108"
"64247","NORTH FORK SHENANDOAH RIVER","2016","216.04","North Fork Shenandoah River","620.398","683.277"
"65212","HAPPY CREEK # Note: This reservior was off for the 2016 year due to needed dredging and repairs.","2016","0","Happy Creek","12.452","8.888"
"74505","Painters Pond intake","2016","16.4309","Stony Run","8.143","6.363"
"64355","MUDDY CREEK","2016","0","Muddy Creek","27.547","31.417"
"59356","MUDDY CREEK","2016","0","Muddy Creek","27.547","31.417"
"60333","FARM POND ???????","2016","0","Muddy Creek","27.547","31.417"
"59110","MUDDY CREEK  ","2016","0","Muddy Creek","27.547","31.417"
"64533","Muddy Creek","2016","0","Muddy Creek","27.547","31.417"
"64199","N FORK SHENANDOAH RIVER","2016","282.966","North Fork Shenandoah River","692.781","765.328"
"64338","TRIB TO MIDDLE RIVER","2016","0","null","7.533","7.162"
"60331","MEADOW RUN        (#5)","2016","0","Meadow Run","13.358","12.398"
"65511","Dominion Quarry","2016","801","Cedar Creek","152.66","143.402"
"64156","SLOAN CREEK # Note: This reservior off for the 2016 year due to needed dredging and repairs","2016","0","Sloan Creek","5.05","4.042"
"59773","NORTH FORK SHENANDOAH RIVER","2016","2,682.48","North Fork Shenandoah River","852.249","935.653"
"61593","NORTH FORK SHENANDOAH RIVER","2016","405.653","North Fork Shenandoah River","273.208","278.928"
"60251","NORTH FORK SHENANDOAH RIVER","2016","0","North Fork Shenandoah River","286.529","294.943"
"63169","N.F. SHENANDOAH","2016","0","North Fork Shenandoah River","286.529","294.943"
"65304","COYNER SPRINGS","2016","263.81","null","0.822","0.71"
"63137","SMITH CREEK","2016","24.09","Smith Creek","84.882","94.962"
"58920","SMITH CREEK","2016","0","Smith Creek","84.882","94.962"
"60497","SMITH CREEK","2016","6.34","Smith Creek","84.882","94.962"
"61074","NORTH RIVER","2016","0","North River","819.091","796.324"
"60438","SMITH CREEK","2016","0","Smith Creek","95.503","105.151"
"60472","SHENANDOAH QUARRY","2016","0","Stickley Run","1.789","2.317"
"64118","S FORK SHENANDOAH RIVER","2016","757.5","South Fork Shenandoah River","1,788.944","1,636.377"
"59259","PASSAGE CREEK","2016","265.5","Passage Creek","84.909","87.749"
"74507","Woodstone Lake intake","2016","19.662","Quail Run","5.555","5.355"
"68410","Middle River- North","2016","0","null","1.871","2.367"
"60167","MIDDLE RIVER","2016","0","Middle River","362.836","400.118"
"58766","MIDDLE RIVER-South","2016","0.5","Middle River","362.836","400.118"
"58905","N FORK SHENANDOAH RIVER","2016","110.8904","North Fork Shenandoah River","239.478","231.333"
"74484","Lake #13","2016","0","null","2.425","2.903"
"60602","STEPHENS CITY QUARRIES","2016","710","Stephens Run","7.558","7.938"
"90463","Crooked Run","2016","6.4699","Crooked Run","43.706","47.24"
"63116","SPRING","2016","2.1474","Fort Run","4.755","5.293"
"64557","SPRING #4, #5, #6","2016","5.436","null","16.995","14.873"
"65279","SPRING #3","2016","0.01","null","16.995","14.873"
"61548","RESERVOIR","2016","13.5","Blacks Run","14.423","19.394"
"90483","Roseville Run","2016","0","null","0.697","0.676"
"59795","PROSPECT HILL SPRING","2016","43.54","Page Brook","6.944","7.591"
"74500","Crooked Run","2016","17.374","Page Brook","6.944","7.591"
"68408","Championship Course Irrigation Pond","2016","43.675412","Old Sugarland Run","1.203","20.888"
"68407","River Course Irrigation Pond","2016","33.071654","Old Sugarland Run","1.203","20.888"
"65347","FARM POND","2016","1.5","Chapel Run","4.461","4.865"
"61570","SHENANDOAH RIVER","2016","43.804","null","2.333","2.243"
"74475","Stream","2016","22.42","Simpsons Creek","5.656","4.965"
"60617","SHENANDOAH RIVER","2016","130.315","Shenandoah River","2,858.491","2,904.109"
"64370","Oak Marr Irrigation Pond","2016","5.511","null","1.156","1.077"
"60487","IRRIGATION POND","2016","0","null","1.123","1.05"
"61579","POTOMAC RIVER","2016","1,616.75","Potomac River","11,917.045","10,724.717"
"59734","POTOMAC RIVER","2016","0","Potomac River","11,932.682","10,739.852"
"90455","Lake","2016","56.142274","Limestone Branch","1.817","1.757"
"59985","LINKS POND","2016","34.375","null","0.466","0.436"
"64738","FROM JT HIRST RESERVOIR","2016","40.546616","North Fork Catoctin Creek","2.417","2.336"
"59930","LAKE AUDUBON","2016","9.87","Snakeden Branch","1.612","1.506"
"59366","HOLDING POND #17","2016","17.2969017","null","0.454","0.429"
"59262","LAKE ANNE","2016","12.976","null","0.945","0.9"
"59365","COLVIN RUN  NR PRACTICE RANGE","2016","0","Colvin Run","2.045","1.915"
"60520","GOOSE CREEK RESERVOIR","2016","2,232.36","Goose Creek","384.356","347.731"
"59694","POND #8 (metered)","2016","21.8","null","0.691","0.645"
"65439","Surface Water From Folly Lick Branch Creek to the Golf Course Pond","2016","19.17","Folly Lick Branch","0.831","0.803"
"59026","FOREST LAKE","2016","37.084446","null","2.161","2.205"
"65044","UPPER LAKE","2016","7.4","null","0.128","0.112"
"191602","Irrigation Pond","2016","0","Cabin Branch","2.189","2.143"
"90456","Pond 17","2016","0","null","0.958","0.95"
"59094","Natural Spring ","2016","0","Town Branch","1.734","1.707"
"63865","DUG POND","2016","0","null","1.034","1.027"
"74477","Spring","2016","3.36446","Bentley Creek","1.81","1.575"
"60373","PHELPS CREEK RESERVOIR","2016","46.487","null","5.402","4.066"
"68419","PHELPS CREEK RESERVOIR","2016","0","null","5.402","4.066"
"90471","Lake","2016","0.07","Spring Creek","0.305","0.266"
"60801","SPRING","2016","0","null","1.449","1.232"
"60328","DAN RIVER","2016","0","Dan River","2,369.034","1,891.873"
"60398","KEYSVILLE RESERVOIR","2016","0","Spring Creek","2.997","2.618"
"59673","KERR RESERVOIR","2016","376.68","Roanoke River","8,209.24","7,409.838"
"60267","KINDERTON LAKE","2016","2.9","Blue Creek","2.86","2.931"
"61586","JOHN H KERR RESERVOIR","2016","75.95","Owens Creek","3.383","3.463"
"60414","SMITH RIVER","2016","0","Smith River","441.722","320.785"
"65360","BEAVER CREEK RESERVOIR","2016","720.85","Beaver Creek","14.197","10.085"
"63907","FARM POND","2016","0","Mountain Run","6.026","4.552"
"60221","MOUNTAIN RUN CREEK","2016","0","Mountain Run","6.026","4.552"
"59967","SMITH RIVER","2016","0","Smith River","504.129","375.368"
"63813","ADKERSON COLEMAN POND","2016","0","null","0.975","0.815"
"65294","ADKERSON POND","2016","0","null","0.975","0.815"
"64558","SMITH RIVER","2016","0","Smith River","542.732","386.449"
"61655","SMITH RIVER","2016","1,064.382","Smith River","299.496","216.592"
"61572","UPPER & LOWER CARTERS MTN RES","2016","0","South Mayo River","64.765","33.108"
"61571","SOUTH FORK MAYO RIVER","2016","104.08","South Mayo River","64.765","33.108"
"60651","GOBLINTOWN CREEK","2016","0","Goblintown Creek","25.418","15.135"
"65361","LEATHERWOOD CREEK","2016","0","Leatherwood Creek","71.023","55.942"
"59330","TRIB TO THE DAN RIVER","2016","0","null","6.431","3.776"
"64158","OLD POND","2016","0.652","Pig Creek","1.561","0.873"
"59186","DUCK POND","2016","9.901","Pig Creek","1.561","0.873"
"60627"," POND #4","2016","18.701","null","1.395","0.695"
"62074","SMITH RIVER","2016","0.13","null","1.163","0.9"
"60587","JACKS CREEK","2016","34.5365","Jacks Creek","21.048","9.182"
"59195","LAKE","2016","0","null","2.507","2.135"
"60463","JORDAN CREEK","2016","5.39","Jordan Creek","13.462","9.575"
"65151","QUARRY SUMP","2016","82.66","Jordan Creek","13.462","9.575"
"64166","NORTHWEST RIVER","2016","742.31","Northwest River","137.247","125.973"
"64194","JORDAN CREEK (SAND PLANT)","2016","3.05","Jordan Creek","22.87","16.49"
"63989","FARM POND","2016","16.21","null","2.555","2.378"
"60555","BLACKWATER RIVER","2016","649.25","Blackwater River","719.653","664.814"
"60424","CONLEY POND","2016","0","Assamoosick Swamp","110.39","102.526"
"60471","NOTTOWAY RIVER","2016","0","Assamoosick Swamp","110.39","102.526"
"62068","BLACKWATER RIVER","2016","0","Blackwater River","601.436","472.786"
"63948","FARM POND","2016","56","Village Run","2.054","1.903"
"60494","FARM POND 5","2016","2.19","Green Swamp","5.563","4.641"
"59911","BLACKWATER RIVER","2016","810.28","Blackwater River","668.392","613.408"
"58963","REDWING LAKE","2016","20.191","Black Creek","5.822","4.718"
"59003","FARM POND","2016","15.05","Terrapin Swamp","7.889","6.51"
"60916","FARM POND","2016","0","Spring Grove Swamp","3.557","3.49"
"61574","THREE CREEK","2016","19.0655","Three Creek","174.766","170.808"
"62628","FARM POND 1","2016","0","null","0.424","0.402"
"74486","Pond","2016","33.75","null","1.014","1.042"
"61546","POND","2016","0","null","1.283","1.293"
"59954","PRIVATE LAKE","2016","0","Mill Swamp","35.072","31.355"
"61578","FARM POND","2016","0","null","0.387","0.359"
"64046","FLAT ROCK CREEK","2016","56.39","Flat Rock Creek","12.642","10.297"
"61629","MEHERRIN RIVER","2016","2.5796","Meherrin River","829.279","806.579"
"63797","DUG POND 2","2016","0","null","1.569","1.32"
"60866","DUG POND","2016","0","null","1.569","1.32"
"60737","DUG POND 1","2016","0","null","1.569","1.32"
"64599","Meherrin River","2016","74.225","Meherrin River","547.015","541.149"
"61573","GREAT CREEK","2016","0","Great Creek","52.969","47.012"
"58956","PIT PUMP","2016","353.88","Fountains Creek","112.032","107.587"
"59750","PIT SUMP","2016","420.99","null","0.587","0.541"
"60198","Great Creek","2016","298.668567","null","0.648","0.595"
"59100","FARM POND 7 #3876","2016","0","null","0.363","0.328"
"61104","DUG PONDS","2016","0","null","1.53","1.367"
"59769","FONTAINE CREEK","2016","0","null","2.089","2.042"
"59402","JAKE'S POND","2016","0","null","5.069","4.328"
"64697","EMPORIA RESERVOIR","2016","286.21","null","0.643","0.649"
"62006","Fountain Creek","2016","4.698","Fountains Creek","242.467","240.557"
"60168","FARM POND 2","2016","0","Mill Swamp","10.06","9.054"
"61637","GOLF COURSE LAKE","2016","0","null","2.933","3.471"
"63874","POND","2016","2.5925","null","0.512","0.568"
"60732","LAND FARM POND","2016","0","Muddy Creek","2.803","3.147"
"74492","Pond at #11","2016","0","null","1.773","1.776"
"90452","Signature at West Neck","2016","0","West Neck Creek","15.874","16.822"
"63830","WATERS FARM POND","2016","0","null","3.987","3.815"
"63849","MAIN FARM CANAL","2016","0","null","3.987","3.815"
"60205","MOALCO FARM CANAL","2016","0","null","3.987","3.815"
"59874","MILLS FARM POND","2016","0","null","3.987","3.815"
"90447","SQUIRES FARM POND","2016","0","null","3.987","3.815"
"90447","SQUIRES FARM POND","2016","0","null","3.987","3.815"
"59763","IRRIGATION LAKE","2016","34.44","null","0.79","0.903"
"60234","IRRIGATION LAKE FIRST TEE PUMP","2016","0","null","0.421","0.479"
"60342","IRRIGATION LAKE TPC PUMP HOUSE","2016","0","null","0.421","0.479"
"64116","IRRIGATION LAKE","2016","6.67","Ashville Bridge Creek","11.038","12.799"
"60733","HENLEY FARM POND","2016","0","null","0.412","0.807"
"90468","Stumpy Lake","2016","7.579046","null","5.829","5.336"
"65036","CLINCH RIVER","2016","3,439.39","Paperville Creek","20.965","17.135"
"64758","TAYLOR SPRING","2016","0","South Fork Holston River","126.074","75.437"
"58803","combined","2016","0","South Fork Holston River","126.074","75.437"
"64793","COLE SPRING","2016","725.181","Back Fork","1.294","0.884"
"65043","HOLSTON RIVER","2016","11.9115","Middle Fork Holston River","115.638","81.576"
"61617","MIDDLE FORK HOLSTON RIVER","2016","1,002.29","Middle Fork Holston River","292.399","359.137"
"59254","Sinking Creek Transfer Station","2016","0","Sinking Creek","1.132","0.83"
"65173","MIDDLE FORK HOLSTON RIVER","2016","159.651","Middle Fork Holston River","85.362","59.989"
"65298","RESERVATION SPRING","2016","357.943","Valley Creek","10.311","10.544"
"64645","JONES SPRING","2016","0","Grosses Creek","0.742","0.467"
"59383","4 SPRINGS","2016","39.98","null","1.342","0.737"
"65158","STALEY'S CREEK","2016","1,264","Staley Creek","17.3","11.035"
"65020","TOWN SPRING","2016","517.067","Staley Creek","17.3","11.035"
"74472","Clear Creek Lake","2016","0","Clear Creek","8.285","5.432"
"68414","SOUTH FORK HOLSTON RIVER","2016","1,087.952","South Fork Holston River","526.301","320.399"
"64959","SOUTH HOLSTON LAKE","2016","841.036","South Fork Holston River","860.541","591.462"
"65027","BIG MOCCASIN CREEK","2016","0","Big Moccasin Creek","112.576","80.004"
"64822","POWDER MILL BRANCH","2016","0","West Fork Wolf Creek","11.845","7.154"
"59344","CLINCH RIVER (WTP & Power Plant)","2016","511.4946","Clinch River","894.57","649.86"
"65026","CLINCH RIVER","2016","434.74","Clinch River","205.83","138.34"
"65206","CLINCH RIVER","2016","0","Clinch River","854.02","619.671"
"64859","GUEST RIVER","2016","0","Guest River","85.069","50.884"
"64862","CLINCH RIVER","2016","3.73","Clinch River","117.93","78.919"
"64911","CLINCH RIVER","2016","87.878","Clinch River","43.309","27.317"
"64877","BIG CEDAR CREEK","2016","190.2","Big Cedar Creek","77.025","51.622"
"64875","SARGENT SPRING","2016","63.03011","Castle Run","12.094","8.734"
"64936","BEAR CREEK","2016","0","Bear Creek","8.067","5.452"
"65010","SPURLOCK BRANCH","2016","0","North Fork Clinch River","44.892","23.197"
"65198","NORTH FORK CLINCH RIVER","2016","124.263","North Fork Clinch River","44.892","23.197"
"64803","HURRICANE FORK","2016","0","Hurricane Fork","15.374","11.301"
"64913","LITTLE TOMS CREEK  CRP THICKNR","2016","40.704","Toms Creek","10.217","6.344"
"64912","LITTLE TOMS CREEK - CRP 1","2016","0","Toms Creek","10.217","6.344"
"59691","TINKER CREEK","2016","241.4","Tinker Creek","14.444","12.849"
"58820","GLADE CREEK","2016","0","Glade Creek","30.191","25.656"
"64754","ROANOKE RIVER","2016","0.2865","Roanoke River","2,010.804","1,751.976"
"62257","ROANOKE RIVER","2016","733.04","Roanoke River","2,010.804","1,751.976"
"58768","ROANOKE RIVER","2016","0.4212","Roanoke River","283.75","285.075"
"58857","ROANOKE RIVER","2016","4.0288","Roanoke River","283.75","285.075"
"60462","FLAT CREEK","2016","45.4","Flat Creek","7.902","6.691"
"58780","CRYSTAL SPRING","2016","1,756.773","Roanoke River","385.299","384.971"
"59328","ROANOKE RIVER","2016","93.804","Roanoke River","1,851.335","1,799.143"
"59399","ROANOKE RIVER","2016","118.92","Roanoke River","1,851.335","1,799.143"
"90477","Spring-fed Pond","2016","7.28","Big Otter River","63.324","39.869"
"59559","ROANOKE RIVER","2016","0","Roanoke River","369.233","375.09"
"64805","Irrigation Pond","2016","26.3","Roanoke River","369.233","375.09"
"62178","GLADE CREEK","2016","0","Glade Creek","14.818","11.849"
"60662","","2016","0","Sheep Creek","33.228","22.602"
"59777","ROANOKE RIVER","2016","1,191.244","Roanoke River","300.925","304.889"
"60019","BIG OTTER RIVER","2016","808.21","Big Otter River","365.064","316.858"
"62076","SOUTH FORK ROANOKE RIVER","2016","3.4","South Fork Roanoke River","137.606","127.043"
"65155","SOUTH FORK ROANOKE RIVER #5","2016","2.106","South Fork Roanoke River","137.606","127.043"
"58776","SOUTH FORK ROANOKE RIVER #2","2016","5.5029","South Fork Roanoke River","136.245","125.356"
"65142","SOUTH FORK ROANOKE RIVER #3","2016","0","South Fork Roanoke River","145.775","137.479"
"61552","SOUTH FORK ROANOKE RIVER","2016","0.83","South Fork Roanoke River","145.775","137.479"
"59760","NORTH FORK ROANOKE RIVER","2016","18.2","North Fork Roanoke River","51.259","46.548"
"64253","NORTH FORK ROANOKE RIVER","2016","2.6208","North Fork Roanoke River","112.631","111.232"
"58774","SOUTH FORK ROANOKE RIVER #1","2016","19.3674","South Fork Roanoke River","123.726","111.136"
"65154","SOUTH FORK ROANOKE RIVER #4","2016","6.1776","South Fork Roanoke River","123.726","111.136"
"60606","DAN RIVER Raw Water","2016","1,913.92","Dan River","2,378.724","1,900.884"
"60133","DAN RIVER","2016","701.33","Dan River","3,177.332","2,756.679"
"61575","DAN RIVER","2016","533.224","Dan River","2,525.549","2,115.762"
"61653","BLACKWATER RIVER","2016","0","Blackwater River","74.116","60.633"
"60637","BLACKWATER RIVER","2016","289.24","Blackwater River","132.287","108.954"
"65033","GOLF COURSE POND","2016","16.75","Buffalo Creek","12.307","10.46"
"64411","POND       7 AC TOBACCO","2016","0","Snow Creek","78.733","61.595"
"61506","POND       3 AC TOBACCO","2016","0","Snow Creek","78.733","61.595"
"60523","POND       6 AC TOBACCO","2016","0","Snow Creek","78.733","61.595"
"61687","SNOW CREEK     2 AC TOBACCO","2016","0","Snow Creek","78.733","61.595"
"60226","GRASSEY CREEK","2016","0","Grassy Creek","4.064","3.645"
"60277","FARM POND","2016","0","Grassy Creek","4.064","3.645"
"63868","FARM POND","2016","0","null","1.26","1.085"
"90465","Pond","2016","0","Winn Creek","5.511","4.324"
"60348","POND 3   1.5 A. SW CHATHAM CH.","2016","0","Bearskin Creek","11.344","8.409"
"64746","CHERRYSTONE CREEK","2016","152.34","Cherrystone Creek","35.156","27.382"
"65644","Whitethorn Creek","2016","1.72","Whitethorn Creek","16.066","12.243"
"64353","FARM POND","2016","0","Georges Creek","6.75","5.023"
"60908","GEORGES CREEK","2016","0","Georges Creek","6.75","5.023"
"58919","Georges Creek","2016","56.78","Georges Creek","2.295","1.931"
"63800","POND 1 UNDER POWERLINE 1.5 TOB","2016","0","null","1.418","1.162"
"60872","POND","2016","0","null","0.7","0.618"
"59080","POND 2    9 A. TOBACCO","2016","0","Roaring Fork","3.135","2.571"
"60896","LITTLE ROARING FORK","2016","0","Roaring Fork","3.135","2.571"
"60233","FARM POND 23.5 ACRES TOBACCO","2016","0","null","0.135","0.112"
"60185","FARM POND 13.5 ACRES TOBACCO","2016","0","null","0.135","0.112"
"60322","FARM POND 4 ACRES TOBACCO","2016","0","null","0.135","0.112"
"61656","FARM POND","2016","0","null","0.401","0.359"
"65492","Allens Creek","2016","0","Allen Creek","104.942","108.777"
"61123","ALLEN CREEK","2016","0","Allen Creek","104.417","108.224"
"63943","ROANOKE RIVER - LAKE GASTON","2016","549.882","Roanoke River","8,805.297","7,994.01"
"60191","LAKE GASTON","2016","7,106","Pea Hill Creek","15.119","12.969"
"74474","Lake Gaston","2016","8.67","null","38.548","34.61"
"191597","Pond #1","2016","0.83","Pea Hill Creek","26.554","23.332"
"64454","Hatchers Run Creek-Lake Jordan","2016","0","Hatcher Run","28.24","24.985"
"59082","BIG POND","2016","0","Hatcher Run","28.24","24.985"
"60351","NOTTOWAY RIVER","2016","29.04","Nottoway River","579.502","565.512"
"59403","NOTTOWAY RIVER","2016","0","Nottoway River","1,137.412","1,134.209"
"59403","NOTTOWAY RIVER","2016","0","Nottoway River","1,137.412","1,134.209"
"59089","Nottoway River - Sussex 11,12, & 18","2016","75.25","Nottoway River","1,087.418","1,080.711"
"59861","Nottaway River - Sussex 1, 3, 6, 7, & 15","2016","32.55","Nottoway River","1,087.418","1,080.711"
"64062","PRINCE SC","2016","71.7","Nottoway River","621.787","584.029"
"64104","Prince 95","2016","55","Nottoway River","621.787","584.029"
"59085","Nottaway River - Sussex 8, 9, & 10","2016","17.15","Nottoway River","536.604","520.435"
"60224","NOTTOWAY RIVER","2016","749.45","Chowan River","1,668.948","1,580.763"
"58904","BUTTERWOOD CREEK","2016","0","Butterwood Creek","25.824","21.502"
"58896","FARM POND","2016","0","Butterwood Creek","25.824","21.502"
"58841","DUG POND located @ Margie Hawkins property,22117 Courthouse Rd","2016","0","Sappony Creek","29.207","25.479"
"58830","FARM POND @ Bain farm, 22012 Barns Rd, Dinwiddie","2016","27.1","Sappony Creek","44.895","39.938"
"61619","NOTTOWAY FALLS RESERVOIR","2016","114.015","Nottoway River","79.609","66.977"
"60672","NOTTOWAY RIVER (Concord Concentrator Site)","2016","6.56","Nottoway River","528.796","512.303"
"61591","CRYSTAL LAKE","2016","188.24","Little Nottoway River","44.117","37.494"
"60435","FARM POND 2","2016","0","Millrun Branch","0.646","0.602"
"65152","FARM POND 3","2016","0","Millrun Branch","0.646","0.602"
"61534","FARM POND 1-Mill Run Branch","2016","0","Millrun Branch","0.646","0.602"
"60436","NOTTOWAY RIVER","2016","0","Chetocric Swamp","1.238","1.193"
"65069","Andrews Farm Pond","2016","0","Gravelly Run","3.615","3.39"
"63899","FARM POND located at Margie Hawkins property, 22503 Courthouse Rd","2016","0","Millrun Branch","11.273","9.525"
"63662","HATCHERS RUN","2016","0","null","1.103","1.062"
"60278","GRAVELLY RUN","2016","0","null","1.712","1.641"
"61588","FARM POND","2016","0","null","1.537","1.471"
"60889","POND","2016","2.2","null","2.779","2.629"
"60877","STREAM","2016","0","null","2.779","2.629"
"60188","FARM POND   FARM #91","2016","2.052","null","0.12","0.112"
"58843","Burton Farm Pond (dug)","2016","0","null","0.55","0.529"
"64424","Mex. Housefld. Pond","2016","0","null","0.55","0.529"
"60199","FARM POND (dug)","2016","0","null","0.55","0.529"
"60306","FARM POND 1 (on Rt. 1) (dug)","2016","0","null","0.55","0.529"
"58842","FARM POND 2 (Back Pond) (dug)","2016","0","null","0.55","0.529"
"58839","Route 1 Pond","2016","0","null","0.55","0.529"
"64262","SMALL POND","2016","0","null","0.55","0.529"
"61585","LUNENBURG LAKE","2016","0","Little Hounds Creek","0.461","0.409"
"63820","FARM POND @ Margaret Bain property, 23310 Jones Rd, Stony Creek VA","2016","0","null","0.481","0.448"
"61624","TWO PONDS","2016","0","null","0.959","0.834"
"60706","Nottoway River Reservior Withdrawals","2016","205.05","null","1.057","0.938"
"64753","SYCAMORE CREEK","2016","0.290191","Sycamore Creek","35.734","29.463"
"90472","#4 Pond","2016","0","null","1.162","1.151"
"60211","POND 4   6 A. WEST OF CLIMAX","2016","0","Harpen Creek","0.508","0.421"
"62444","SYCAMORE CREEK","2016","0","Sycamore Creek","25.169","20.266"
"65216","FARM POND","2016","0","null","0.796","0.633"
"61612","GUTHRIES CREEK","2016","0","Guthrie Branch","3.761","3.081"
"65434","Guthrie's Branch","2016","0","Guthrie Branch","3.761","3.081"
"163292","#2 Pond","2016","0","null","1.888","1.475"
"59562","FARM POND","2016","0","null","0.767","0.637"
"68416","Tinker Creek","2016","0","null","1.675","1.629"
"68417","Deer Branch","2016","0","null","7.249","6.131"
"60440","POND #1","2016","18","null","0.895","0.78"
"90470","220 Pump","2016","0","null","0.561","0.56"
"64216","BEAVERDAM CR RES - FALLING CR                            ","2016","67.202","Falling Creek","2.312","1.861"
"64195","QUARRY SUMP (DEWATERING)","2016","397.26","null","1.486","1.421"
"58888","REED CREEK","2016","0","Reed Creek","16.372","13.015"
"58884","FROM ROANOKE RIVER","2016","2,511.06","Mill Branch","0.837","0.876"
"60423","WD FROM SP HOLLOW RES","2016","1,489.481","Mill Branch","0.837","0.876"
"59184","MCMINNIS SPRING","2016","98.803","null","1.067","0.965"
"62479","IRRIGATION POND","2016","15.75","null","1.478","1.27"
"64647","IRRIGATION LAKE","2016","16.684","null","1.182","0.71"
"65145","FARM POND","2016","13.15","null","0.391","0.351"
"74512","Smith Mountain Lake","2016","39.15","Bull Run","17.18","13.904"
"59648","SMITH MOUNTAIN LAKE","2016","4.95","null","1.702","1.579"
"65204","REYNOLDS SPRING","2016","65.38","null","0.228","0.208"
"65544","TO CARVINS  WTP FROM CARVINS     COVE RESERVOIR","2016","3,339.821","Carvin Creek","21.271","17.703"
"61609","LEESVILLE LAKE","2016","0","Roanoke River","1,709.079","1,473.944"
"65378","Smith Mountain Lake","2016","139.12","Roanoke River","741.235","691.192"
"64027","CUB CREEK","2016","0.3","Cub Creek","168.434","146.73"
"60659","STONEY CREEK RESERVOIR","2016","352.37","Stony Creek","13.859","6.042"
"58995","ROANOKE RIVER","2016","0","Roanoke River","3,277.485","2,987.912"
"60402","ROANOKE RIVER","2016","3,632.2","Roanoke River","3,529.788","3,207.994"
"65203","STAUNTON R BELOW CUB RUN","2016","1.5","Roanoke River","3,231.947","2,929.738"
"63198","SMITH MOUNTAIN LAKE","2016","44","null","1.208","1.085"
"63947","STAUNTON R BOTTOM OF HOUSE","2016","1.2","Roanoke River","3,053.342","2,775.143"
"60276","STAUNTON RIVER ABOVE CUB RUN","2016","1.5","Roanoke River","3,056.65","2,777.988"
"65076","Stream","2016","34.660665","Roanoke River","2,638.029","2,408.091"
"60305","FARM POND","2016","0","null","0.762","0.656"
"58754","FARM POND   #5862","2016","0","Bull Creek","2.482","2.17"
"59088","Pamunkey River - ML3","2016","4.22","null","0","4.452"
"63867","QUARRY","2016","492.72","Little River","0","107.394"
"59699","ROCKFISH RIVER","2016","0","Rockfish River","306.625","187.105"
"62704","LANG IRRIGATION POND","2016","0","Parker Creek","3.667","3.668"
"65503","Ivy Creek","2016","90.2","Ivy Creek","35.513","25.602"
"90458","Irrigation Pond","2016","10.7","null","0.14","0.127"
"63993","FARM POND","2016","0","null","0.673","0.734"
"60187","WESSELLS/WATKINSON IRR POND","2016","5.29","Coards Branch","1.943","2.154"
"59334","JAMES RIVER","2016","0","James River","8,030.968","6,991.226"
"64695","POND DRAIN - NORTHSIDE B","2016","0","Pond Drain","1.148","1.189"
"59961","POND DRAIN - SOUTHSIDE C","2016","0","Pond Drain","1.148","1.189"
"65213","JAMES RIVER","2016","8,755.2","James River","8,250.097","6,746.322"
"58866","LAKE MONOCAN","2016","163.46","Allen Creek","2.082","1.506"
"60545","FARM POND #2             OK","2016","0","Nassawadox Creek","7.266","6.961"
"63098","FARM POND #1             OK","2016","0","Nassawadox Creek","7.266","6.961"
"63098","FARM POND #1             OK","2016","0","Nassawadox Creek","7.266","6.961"
"65157","BLACK CREEK RESERVOIR","2016","16.16","Town Creek","1.015","0.726"
"60445","NURSERY POND #1 HUBBARD HILL","2016","85.94","null","0.474","0.378"
"59439","Thompson Lake","2016","2.29","null","2.076","1.533"
"60396","HAREWOOD POND #2","2016","0","null","2.076","1.533"
"65274","ALLEN CREEK B - Massie Creek","2016","25.93","null","2.076","1.533"
"58971","JAMES RIVER ","2016","0","Burks Creek","1.519","1.282"
"63784","POND 1","2016","0","Higginbotham Creek","5.717","4.293"
"62526","POND 3","2016","0","Higginbotham Creek","5.717","4.293"
"61259","POND 2","2016","0","Higginbotham Creek","5.717","4.293"
"64427","CHURCH POND","2016","0","Andersons Creek","1.706","1.749"
"62040","LOWER POND","2016","0","Andersons Creek","1.706","1.749"
"65199","JOHNSON SPRINGS","2016","6.258","null","1.354","0.942"
"64761","Un-Named Trib to Rockfish River (Mont Alto)","2016","0","Rockhouse Branch","1.731","1.425"
