HydroID - Unique Feature ID,Feature Name,tstime,tsvalue,NHDPlus Feature Name, MAF , SQMI 
62455,GLADSTONE SPRING,2016,0.551,James River," 4,321.52 "," 3,645.95 "
60190,JAMES RIVER ,2016,101.171,James River," 3,884.17 "," 3,264.25 "
58795,MILL CREEK,2016,79.056,Mill Creek, 4.92 , 1.69 
58802,SPRINGS,2016,121.596,Mill Creek, 4.92 , 1.69 
65042,JAMES RIVER - COLLEGE HILL WTP,2016,25.939,James River," 3,978.91 "," 3,340.83 "
64480,JAMES RIVER,2016,0,null, 0.31 ," 3,288.32 "
65210,JAMES RIVER INTAKE,2016,"2,385.76",James River," 6,231.04 "," 5,036.78 "
59670,JAMES RIVER,2016,"22,308.30",James River," 6,231.04 "," 5,036.78 "
60517,JAMES RIVER,2016,"2,056.79",James River," 4,232.76 "," 3,568.78 "
63766,MIDDLE RIVER,2016,0,North Fork Rivanna River, 88.09 , 46.93 
60394,JAMES RIVER,2016,"5,055.22",James River," 3,870.58 "," 3,102.08 "
59894,RAGGED MOUNTAIN RESERVOIR,2016,722.526,null, 2.43 , 1.82 
60372,PEDLAR RESERVOIR,2016,"3,828.23",Pedlar River, 63.56 , 34.13 
60412,POND #2  ON HOLE #16,2016,0,null, 0.24 , 0.21 
59804,POND,2016,27,null, 0.07 , 0.07 
58900,Mechunk Creek,2016,48.302,Mechunk Creek, 61.65 , 49.05 
61602,RIVANNA RIVER,2016,13.182078,Rivanna River, 569.53 , 456.78 
59563,Storage Reservoir (CVWSC),2016,446.56,James River," 6,233.94 "," 5,039.64 "
65160,RIVANNA RIVER,2016,21.459,Rivanna River, 650.62 , 518.88 
58819,RIVANNA RIVER,2016,218.521,Rivanna River, 713.66 , 571.97 
59901,BEAVER CREEK RESERVOIR,2016,202.41,Beaver Creek, 13.06 , 9.50 
59963,NORTH FORK RIVANNA RIVER,2016,141.004,Jacobs Run, 8.35 , 6.44 
58931,SUGAR HOLLOW RESERVOIR,2016,324.4,null, 44.18 , 17.57 
60003,SOUTH FORK RIVANNA RIVER,2016,"2,512.66",South Fork Rivanna River, 319.84 , 258.26 
60417,GOLF COURSE POND,2016,10.075397,null, 0.19 , 0.19 
65395,TCC KANAWHA CANAL,2016,0,East Branch Tuckahoe Creek, 3.38 , 5.62 
60009,JRC KANAWHA CANAL,2016,0,East Branch Tuckahoe Creek, 3.38 , 5.62 
59318,JAMES RIVER AND KANAWA CANAL,2016,"24,192.10",James River," 7,805.67 "," 6,755.67 "
64113,Irrigation Lake,2016,17.7,Fine Creek, 21.40 , 22.58 
68387,Morey Creek,2016,25.5,Morey Creek, 3.79 , 2.64 
59859,James River,2016,4.71,James River," 8,156.35 "," 6,653.00 "
74493,Holding Pond,2016,2.05,Bernards Creek, 1.22 , 1.17 
68403,Kinloch Pond,2016,0,Broad Branch, 3.15 , 2.75 
60252,NORTH BUCKSKIN CREEK,2016,0,Muddy Creek, 27.18 , 22.68 
68388,#1 Irrigation Pond (pump station location),2016,26,Lickinghole Creek, 9.65 , 5.46 
59416,ROCK QUARRY,2016,23.69,null, 0.81 , 0.81 
64257,"BROAD BRANCH PONDS #1, #2",2016,44.5,Genito Creek, 6.18 , 5.51 
65167,JAMES RIVER,2016,217.092,James River," 8,017.92 "," 6,512.54 "
59400,LITTLE TUCKAHOE CREEK TRIB,2016,98.69,null, 1.32 , 1.28 
58829,PIT SUMP,2016,309,Little Tuckahoe Creek, 6.22 , 5.44 
58837,RR Pond,2016,0,Powhite Creek, 13.68 , 11.98 
191599,Irrigation Pond,2016,4.75,Little White Creek, 1.24 , 1.19 
60193,POND,2016,50.7,Michauk Creek, 6.12 , 5.26 
64028,FARM POND,2016,3.5,null, 0.60 , 0.60 
74489,Irrigation Pond,2016,12.675871,null, 1.55 , 1.50 
63970,QUARRY,2016,99.61,Anderson Creek, 1.80 , 1.74 
74495,Kanawha Pond,2016,4.15,Dover Creek, 9.59 , 8.47 
63768,LAKE MEADOWBROOK,2016,15.22,Falling Creek, 58.04 , 54.46 
61531,LAKE,2016,4.05,Chickahominy River, 224.43 , 206.94 
65250,JAMES RIVER UNIT #6 INTAKE,2016,"131,073",James River," 7,990.23 "," 6,947.02 "
58760,JAMES R WATER TREATMENT PLANT,2016,548,James River," 7,990.23 "," 6,947.02 "
59001,JAMES RIVER UNIT #4 INTAKE,2016,"30,561",James River," 7,990.23 "," 6,947.02 "
60368,JAMES RIVER UNIT #3 INTAKE,2016,"15,061",James River," 7,990.23 "," 6,947.02 "
60371,JAMES RIVER UNIT #7 INTAKE,2016,"26,001",James River," 7,990.23 "," 6,947.02 "
59000,JAMES RIVER UNIT #8 INTAKE,2016,"27,020",James River," 7,990.23 "," 6,947.02 "
59002,JAMES RIVER UNIT #5 INTAKE,2016,"65,345",James River," 7,990.23 "," 6,947.02 "
59909,JAMES RIVER,2016,"12,607.50",James River," 7,878.77 "," 6,830.88 "
61550,JAMES RIVER,2016,"4,511.30",James River," 9,719.19 "," 8,636.45 "
61558,JAMES RIVER,2016,"35,117",James River," 9,719.19 "," 8,636.45 "
163291,Lake Hunting Hawk,2016,0,Chickahominy River, 0.92 , 0.89 
64706,JAMES RIVER,2016,"1,780.80",James River," 7,944.00 "," 6,898.64 "
62883,FARM POND FOR FILLING PONDS,2016,28.86,null, 1.04 , 0.95 
64380,Chickahominy River,2016,7.07,Chickahominy River, 325.81 , 298.77 
58836,CHICKAHOMINY RIVER,2016,"1,856",Chickahominy River, 331.90 , 304.31 
74498,Irrigation Pond,2016,6.71,Diascund Creek, 4.96 , 4.51 
59660,INTAKE-OUTFALL 040,2016,234,James River," 10,891.44 "," 9,788.11 "
59674,INTAKE-OUTFALL 041,2016,"1,979",James River," 10,891.44 "," 9,788.11 "
59921,FARM POND,2016,0,null, 0.53 , 0.49 
61639,JAMES RIVER,2016,0,null, 0.30 , 0.30 
60780,Blue Heron Pond,2016,17.97283,Powhatan Creek, 13.96 , 11.02 
62088,FARM POND,2016,0,Jones Creek, 6.72 , 5.69 
62498,POWHATAN CREEK,2016,0,Powhatan Creek, 20.76 , 16.53 
64133,FARM POND  120 ACRE FIELD,2016,85.12,null, 2.12 , 1.94 
61638,STREAM,2016,0,Mill Farm Run, 1.31 , 1.24 
60344,FARM POND,2016,0,null, 0.79 , 0.75 
64268,JAMES RIVER,2016,37.43,null, 0.78 , 0.86 
74473,Irrigation Pond,2016,5.014,Pocoshock Creek, 5.53 , 4.78 
62082,RT 54 S ANNA PUMP SITE 1,2016,8.16,Ross Run, 0.97 , 1.06 
61597,LAKE,2016,32.6,Castle Mill Run, 2.09 , 1.99 
59102,FARM POND,2016,0,null, 0.16 , 0.17 
62057,JAMES RIVER,2016,0,null, 1.11 , 1.23 
58981,Gravel Pond,2016,54.2,Gunns Run, 3.73 , 3.54 
60353,DUG POND,2016,60,null, 0.28 , 0.28 
64119,EARLE BASIN DREDGE POND,2016,5,Eppes Creek, 1.22 , 1.35 
58918,GLENWOOD POND,2016,5.97,null, 1.33 , 1.41 
62063,CHICKAHOMINY RIVER,2016,6.4,null, 2.65 , 55.90 
58755,FARRAR GUT DUST CONTROL,2016,0,null, 0.68 , 0.73 
60489,FARRAR GUT DUST CONTROL,2016,0,null, 0.68 , 0.73 
191595,Pond on Course,2016,7.195923,Reedy Creek, 2.15 , 2.21 
191596,Wyndham Lake,2016,13.41,null, 0.94 , 0.91 
61622,SKIFF'S CREEK RESERVOIR,2016,"1,002",Skiffes Creek, 8.13 , 6.73 
63488,RHINE RIVER PUMP,2016,0,Grove Creek, 0.85 , 0.77 
63703,BUSCH GARDENS LAKE,2016,15.1,Grove Creek, 1.09 , 0.99 
60039,WAREHAM'S POND,2016,32.3,null, 0.63 , 0.57 
64638,WL FROM REES JONES POND,2016,0,null, 2.05 , 1.81 
61053,Black Heath Pond,2016,17.350056,null, 1.53 , 1.36 
60779,Marsh Hawk Pond,2016,20.496894,null, 0.69 , 0.61 
59889,LAKESIDE LAKE,2016,12.75,North Run, 19.33 , 16.91 
63895,NORTH RUN,2016,0,North Run, 19.33 , 16.91 
59625,COLLINS RUN IRRIGATION INTAKE,2016,0,Collins Run, 7.97 , 7.29 
62098,KINGSMILL POND,2016,7.3,Halfway Creek, 1.94 , 1.73 
58970,IRRIGATION LAKE,2016,18.17,Upham Brook, 19.87 , 17.47 
64196,UPHAM CREEK,2016,0.85,Upham Brook, 19.87 , 17.47 
60076,Deer Lake Estates,2016,28.583,null, 0.29 , 0.26 
74511,Buckingham Lake (#8),2016,13.326261,Falling Creek, 0.94 , 0.88 
74510,Monacan Lake (#1),2016,4.47724,Falling Creek, 0.94 , 0.88 
59933,LEE HALL RESERVOIR,2016,16.847,null, 13.67 , 11.43 
59679,INTAKE-OUTFALL 021 & 022,2016,280.6,James River," 10,877.60 "," 9,774.83 "
59347,APPOMATTOX RIVER,2016,"7,435.77",null," 1,645.93 "," 1,598.98 "
61595,CRUMPS MILL POND,2016,220.33,null, 0.28 , 0.26 
59420,LONE STAR LAKES,2016,368.8,null, 0.28 , 0.26 
58831,JAMES RIVER,2016,0,James River," 7,865.24 "," 6,816.55 "
65282,LEE HALL RESERVOIR,2016,"7,755",null, 1.89 , 1.75 
59170,JAMES RIVER,2016,9.99,James River," 7,999.69 "," 6,957.29 "
58859,DIASCUND RESERVOIR,2016,"4,480",Diascund Creek, 50.42 , 45.23 
65208,JAMES RIVER,2016,"815,046.01",null, 25.38 , 21.82 
62077,LITTLE CREEK RESERVOIR,2016,"1,241",Little Creek, 5.35 , 4.50 
60406,FARM POND #2,2016,0,Appomattox River, 999.79 , 888.39 
59368,FARM POND #1,2016,0,Appomattox River, 999.79 , 888.39 
60482,APPOMATTOX RIVER,2016,0,Appomattox River, 999.79 , 888.39 
64719,Chesdin Reservoir,2016,"11,409.97",Appomattox River," 1,366.94 "," 1,334.30 "
61625,JRCC POND,2016,15.314046,null, 0.56 , 0.53 
59807,JAMES RIVER,2016,5,James River," 8,058.93 "," 7,021.65 "
61551,JAMES RIVER,2016,"7,037.43",James River," 8,058.93 "," 7,021.65 "
58769,APPOMATTOX RIVER,2016,4,Appomattox River, 776.22 , 666.44 
58770,MANURE PIT RUNOFF POND,2016,0,Appomattox River, 776.22 , 666.44 
257222,Herring Creek,2016,10.6,Herring Creek, 30.61 , 29.31 
64560,APPOMATTOX RIVER,2016,6.72,Appomattox River, 787.59 , 676.60 
62061,POND,2016,15.31,Beus Swamp, 0.32 , 0.33 
61567,SWIFT CREEK RESERVOIR,2016,"2,856.11",Swift Creek, 74.90 , 64.85 
58838,SWIFT CREEK,2016,0,Swift Creek, 121.88 , 106.26 
74494,Big Pond,2016,0,null, 0.49 , 0.46 
65057,Henshaw Farm Pond,2016,0,null, 0.98 , 0.92 
68409,Holding Pond,2016,9.57,Spring Run, 5.27 , 4.46 
64419,POND,2016,11.329,null, 2.12 , 2.20 
61569,APPOMATTOX RIVER,2016,395.91,null, 1.98 , 1.79 
61594,TROUBLESOME CREEK RESERVOIR,2016,0,null, 0.91 , 0.82 
90467,Irrigation Pond,2016,22.78852,null, 0.55 , 0.49 
61778,FARM POND #1 Jackson,2016,0,North Buckskin Creek, 1.01 , 0.90 
60379,FARM POND #2 GLENWOOD NORTH,2016,0,Maplewood Branch, 0.03 , 0.03 
60380,FARM POND #3 GLENWOOD SOUTH,2016,0,Maplewood Branch, 1.12 , 1.00 
63829,WEST CREEK POND,2016,0,null, 1.00 , 0.92 
58844,APPOMATTOX RIVER,2016,20.6,Appomattox River," 1,420.84 "," 1,374.82 "
191593,Lake,2016,0,Licking Creek, 10.05 , 8.97 
191600,Reservoir,2016,0.037371,West Branch Dry Creek, 3.41 , 2.89 
59931,QUARRY,2016,206.84,null, 1.31 , 1.25 
59914,BEAVER CREEK,2016,0,null, 0.75 , 0.68 
68421,Swift Creek Reservoir,2016,7.96,Swift Creek, 61.32 , 53.23 
64668,Irrigation Lake,2016,7.867,Swift Creek, 61.32 , 53.23 
58868,Lake Chesdin,2016,29.35,null, 5.55 , 4.74 
59746,BOOTH RUN,2016,27.7,null, 0.83 , 0.84 
60363,GOLF COURSE POND,2016,0,Eastern Branch Elizabeth River, 3.81 , 3.55 
68406,Sand Pit Lake,2016,27.05,West Creek, 0.90 , 0.84 
62171,FARM POND  50 ACRE FIELD,2016,16.57,null, 0.28 , 0.26 
60067,INTOWN LAKES,2016,28.06,Deep Creek, 14.45 , 12.01 
61632,6.5 ACRE LAKE,2016,13.58,null, 0.36 , 0.34 
61650,FARM POND,2016,13.5,null, 0.58 , 0.52 
60014,POND,2016,0,null, 0.43 , 0.40 
60374,LAKE WRIGHT,2016,211,Broad Creek, 3.29 , 2.97 
64696,POND,2016,0,null, 2.10 , 1.88 
64410,IRRIGATION POND  HOLE #2,2016,0,null, 9.92 , 9.21 
163288,Lake on #17,2016,14.385735,Western Branch Nansemond River, 81.47 , 66.38 
65572,Lake Meade/Kilby Station,2016,"5,216.40",null, 29.10 , 22.74 
58873,LAKE KILBY,2016,0,null, 29.10 , 22.74 
58864,LAKE MEADE,2016,"5,216.40",null, 29.10 , 22.74 
65340,LAKE MEADE PITCHKETTLE PUMP ST,2016,921.4,null, 29.10 , 22.74 
61596,WESTERN BRANCH RESERVOIR,2016,"24,963.06",null, 80.07 , 65.23 
58867,FARM POND,2016,10.368,null, 2.64 , 2.75 
62886,TANYARD BRANCH,2016,0,Beaver Creek, 4.23 , 3.56 
59321,NORTHEAST CREEK RESERVOIR,2016,106.369,Northeast Creek, 11.54 , 9.82 
59377,SETTLING PONDS,2016,11.424332,null, 1.19 , 1.17 
59357,SOUTH ANNA RIVER,2016,0,null, 1.19 , 1.17 
61069,DUG POND,2016,0,null, 2.41 , 2.46 
60464,14-ACRE LAKE,2016,22.5,null, 0.27 , 0.26 
62750,FARM POND,2016,19.69,null, 0.61 , 0.59 
60434,SOUTH ANNA RIVER,2016,11.967,null, 1.23 , 1.21 
60592,RT 54 POND PIPE SITE 3,2016,4.76,null, 1.39 , 1.35 
63793,RT 54 POND PIVOT SITE 2,2016,8.05,null, 1.39 , 1.35 
59252,RICHARDSON POND/IRRAGATION P,2016,0,null, 0.16 , 0.15 
65601,Pamunkey R RT-85Ac,2016,9.72,Dickerson Swamp, 2.56 , 2.68 
60427,Pamunkey R NBI 70 acre,2016,10.36,Dickerson Swamp, 2.56 , 2.68 
59386,14 ACRE POND,2016,1.7,Herring Creek, 2.65 , 2.63 
59134,In Line Irrigation Lake on Spring Branch,2016,0,Spring Branch, 2.45 , 2.21 
60349,GOLF COURSE LAKE,2016,0,King Creek, 0.36 , 0.32 
59770,WALLER MILL RESERVOIR,2016,0,Queen Creek, 9.37 , 7.36 
61599,PAMUNKEY RIVER PIVOT 2 (formerly anything under LH 25),2016,0,null, 1.23 , 1.30 
60071,YORK RIVER,2016,0,West Branch Wormley Creek, 8.01 , 6.73 
65357,YORK RIVER,2016,"108,908.10",West Branch Wormley Creek, 8.01 , 6.73 
61884,Pond #1 System,2016,0,null, 1.20 , 1.09 
59319,BOWLERS MILL RESERVOIR,2016,4.919,null, 20.06 , 15.31 
64674,MEADOWS POND,2016,"1,012.81",Mill Creek, 4.41 , 3.88 
62173,LAKE ANNA UNIT #1,2016,"310,921",null, 1.83 , 1.76 
59680,LAKE ANNA UNIT #2,2016,"318,021",null, 1.83 , 1.76 
90461,Pond,2016,0,null, 4.64 , 3.95 
60784,COURSE LAKE,2016,0,null, 0.08 , 0.09 
61614,LAKE #3 AND #4,2016,0,null, 1.93 , 1.96 
64051,Richardson Mill Pond,2016,0,Ware Creek, 1.15 , 1.11 
60020,POND WITHDRAWAL,2016,0,Little Neck Creek, 0.99 , 1.14 
74480,Irrigation Pond,2016,6.069084,Little Neck Creek, 0.99 , 1.14 
60261,IRRIGATION LAKE,2016,0,Little Neck Creek, 1.70 , 1.95 
90450,Pond A,2016,3.79,Northwest Branch Back River, 25.35 , 21.61 
59031,LAKE,2016,0,null, 1.14 , 1.16 
60161,POND,2016,21.394,null, 0.31 , 0.32 
61538,BACK POND (#2),2016,0,Warrington Branch, 1.02 , 1.11 
63903,FRONT POND (#1),2016,0,Warrington Branch, 1.02 , 1.11 
63975,Lake 3 (Nicklaus Pump Station),2016,66.8,null, 0.30 , 0.31 
63880,DUG POND 2  RECHARGE FOR DP 1,2016,0,null, 0.84 , 0.92 
59867,DUG POND 1  FIELD IRRIGATION,2016,0,null, 0.84 , 0.92 
63862,FARM POND - MIDWOOD,2016,0,Walls Landing Creek, 1.86 , 1.93 
230371,Chesapeake Bay,2016,0,null, 1.11 , 1.13 
64365,POND #1,2016,55.788,Gum Branch, 2.63 , 2.88 
62008,POND #2,2016,58.637,Gum Branch, 2.63 , 2.88 
60292,RETENTION POND,2016,11.509,null, 5.42 , 4.95 
63884,FARM POND         DEVILS DITCH,2016,0,null, 0.16 , 0.16 
62696,GOIN IRRIGATION POND,2016,0,Guilford Church Branch, 1.94 , 2.14 
62698,BETHEL CHURCH IRRIGATION POND,2016,0,Bethel Branch, 2.21 , 2.42 
61151,Tasley Pond 2,2016,0,Merry Branch, 1.92 , 2.10 
60666,Tasley Pond 3,2016,0,Merry Branch, 1.92 , 2.10 
64508,Tasley Pond 4,2016,0,Merry Branch, 1.92 , 2.10 
68411,Impoundment Pond,2016,20.931,Church Creek, 8.22 , 7.78 
62030,POND,2016,7.406,Mill Branch, 1.12 , 1.24 
65071,Lake 19 Palmer,2016,151,null, 0.68 , 0.70 
65252,GOLF IRRIGATION POND,2016,0,Taylor Creek, 6.65 , 6.53 
58825,HARWOOD'S MILL RESERVOIR,2016,"6,525",Poquoson River, 11.41 , 9.61 
60869,POND,2016,15.691,Ross Branch, 2.37 , 2.61 
60869,POND,2016,0,Ross Branch, 2.37 , 2.61 
232511,Pond # 3 AKA Outten East,2016,5.286,Jacobus Creek, 2.04 , 2.14 
60285,PEACH ORCHARD FARM POND,2016,0,Folly Creek, 1.25 , 1.39 
68420,IMPOUNDMENT POND #1,2016,10.932,null, 1.19 , 1.28 
232281,Doughty Pond Intake,2016,27.556,Occohannock Creek, 1.64 , 1.77 
58757,HOLLY GROVE FARM POND,2016,15.9,null, 3.53 , 3.51 
58757,HOLLY GROVE FARM POND,2016,0,null, 3.53 , 3.51 
191598,Willow Grove Farm Pond,2016,0,null, 0.69 , 0.72 
60354,BRANCH POND,2016,17.736,Warehouse Creek, 1.83 , 1.92 
60750,ROBERTS FARM POND,2016,0,Jacobus Creek, 2.40 , 2.52 
60327,PUBLIC LAKE,2016,0.396,Occohannock Creek, 1.96 , 2.12 
64693,Abrams Pond,2016,11.6,Old Castle Creek, 3.47 , 3.25 
60578,POND,2016,0,Hungars Creek, 5.44 , 5.17 
60159,UNDERHILL POND,2016,0,null, 1.29 , 1.35 
60256,TURNER FARM POND,2016,0,null, 1.79 , 2.07 
65322,FARM POND 12 BREEZE PT/CEDAR G,2016,54.3,Assawoman Creek, 10.54 , 10.53 
65323,FARM POND 13 HAGAN,2016,20.7,Assawoman Creek, 10.54 , 10.53 
65324,FARM POND 14 HOGNECK,2016,26.6,Assawoman Creek, 10.54 , 10.53 
63774,LARGE POND,2016,0,Whites Creek, 3.41 , 3.39 
59711,SMALL POND,2016,0,Whites Creek, 3.41 , 3.39 
58827,POND,2016,0,null, 1.32 , 1.39 
60264,POND,2016,0,North Fork Parker Creek, 2.60 , 2.90 
59177,KELLEY POND,2016,0,North Fork Parker Creek, 2.60 , 2.90 
191607,Impoundment Pond #1,2016,47.749,North Fork Parker Creek, 2.60 , 2.90 
61568,JACKSON RIVER,2016,799.34,Jackson River, 584.51 , 438.24 
60741,COURSEY SPRING,2016,"4,468.15",Cowpasture River, 286.69 , 199.38 
65064,Barbours Creek,2016,38.16,Barbours Creek, 58.25 , 37.16 
59919,POTTS CREEK,2016,0,null, 212.84 , 173.52 
60833,JACKSON RIVER (FIREWATER #2),2016,0,Jackson River, 589.79 , 443.28 
60395,JACKSON RIVER (WOODYARD),2016,0,Jackson River, 589.79 , 443.28 
60367,JACKSON RIVER UPPER & LOWER IN,2016,"13,934.99",Jackson River, 589.79 , 443.28 
63310,JACKSON RIVER (CARBON STORAGE),2016,0,Jackson River, 589.79 , 443.28 
58958,JACKSON RIVER (COOLING WATER),2016,0,Jackson River, 589.79 , 443.28 
60418,JACKSON RIVER (FIRE WATER #1),2016,0,Jackson River, 589.79 , 443.28 
62146,LAKEWOOD POND,2016,0,null, 2.28 , 2.36 
61888,MILFORD POND,2016,0,null, 2.28 , 2.36 
59248,CASCADES CREEK CASCADES GOLF C,2016,0,null, 17.07 , 12.80 
58784,POUNDING MILL SPRING,2016,0,Jackson River, 961.38 , 813.78 
60026,CATAWBA CREEK,2016,583.42,Catawba Creek, 28.00 , 22.47 
61031,CATAWBA CREEK,2016,0,Catawba Creek, 37.21 , 34.63 
62661,CATAWBA CREEK,2016,4.3,Catawba Creek, 61.04 , 57.08 
60421,SMITH CREEK RESERVOIR,2016,383.29,Smith Creek, 20.10 , 12.53 
59327,BACK CREEK,2016,0,Back Creek, 142.99 , 91.02 
64655,BLUE SPRING,2016,"1,840.39",Jackson River, 67.26 , 39.09 
60070,WATER TREATMENT PLANT SPRING,2016,0,null, 1.53 , 1.32 
64751,PAINT BANK BRANCH,2016,"1,233.73",Paint Bank Branch, 13.17 , 7.29 
60455,HOT SPRINGS RUN,2016,0,Cascades Creek, 11.27 , 7.24 
59197,CASCADES-CHAPLIN-MCALLISTER SPRINGS,2016,279.497,Cascades Creek, 11.27 , 7.24 
60454,CASCADES CREEK LWR CASCADES GC,2016,0,Cascades Creek, 11.27 , 7.24 
59343,BIG SPRING,2016,0,Lick Run, 6.20 , 4.30 
60092,LITHIA SPRING,2016,0,null, 0.09 , 900.49 
163293,Wilson Creek,2016,0.462,Downy Branch, 2.30 , 1.80 
65130,CALFPASTURE RIVER,2016,0,Calfpasture River, 256.24 , 186.60 
62101,AUGUSTA SPRINGS - Municipal Spring,2016,7.960976,Little Calfpasture River, 38.73 , 23.73 
59384,DEERFIELD SPRING,2016,0,Hamilton Branch, 32.97 , 19.09 
58910,SPRING,2016,10.390719,Mill Creek, 70.78 , 43.15 
59367,Buffalo Creek,2016,0,Mill Creek, 74.10 , 45.36 
232623,Tertiary - James River,2016,0,James River," 3,890.58 "," 3,269.53 "
90478,Paradise,2016,41.085069,Carroll Creek, 2.41 , 2.12 
63918,BUCK'S POND,2016,6.2,Turner Run, 2.32 , 2.26 
60093,LAKE ANNA HYDRO DAM,2016,"23,838.50",North Anna River, 390.93 , 341.50 
59791,MAURY RIVER,2016,0,Maury River, 756.53 , 659.32 
59692,Spring,2016,92.03,Smith Creek, 19.25 , 12.54 
59695,SPRING,2016,7.369272,Indian Gap Run, 5.87 , 4.04 
59256,MAURY RIVER,2016,507.61,Maury River, 639.42 , 494.34 
64078,HARDWARE RIVER,2016,5.31,North Fork Hardware River, 37.43 , 26.00 
59712,BUFFALO RIVER,2016,123.957,Buffalo River, 129.56 , 87.33 
59342,HAT CREEK,2016,11,Hat Creek, 26.48 , 16.52 
65640,Vegetable Garden Pond - Uncle Massie's Pond,2016,0,Tye River, 174.73 , 93.10 
60422,TYE RIVER,2016,73.65,Tye River, 174.73 , 93.10 
59946,TOTIER CREEK RESERVOIR,2016,19.805,Totier Creek, 37.99 , 30.39 
231637,James River,2016,5.738,James River," 5,750.29 "," 4,585.89 "
59651,JAMES RIVER WMA,2016,6.3,James River," 5,230.65 "," 4,201.29 "
64677,COE SPRINGS,2016,16.1,null, 0.88 , 0.82 
61615,JAMES RIVER,2016,0,James River," 3,816.52 "," 3,066.18 "
60652,HARRIS CREEK,2016,0,Harris Creek, 49.49 , 35.34 
232529,Primary - Harris Creek,2016,176.708,Harris Creek, 49.49 , 35.34 
60475,SLATE RIVER,2016,0,Slate River, 280.89 , 245.31 
65195,GRAHAM CREEK RESERVOIR,2016,0,Graham Creek, 9.24 , 6.41 
232530,Secondary - Graham Creek Reservoir,2016,226.594,Graham Creek, 9.24 , 6.41 
61514,ALLEN CREEK #2 - Tom's House,2016,0,Allen Creek, 8.94 , 6.16 
60443,HAREWOOD POND #1,2016,56.41,Allen Creek, 3.16 , 2.16 
64047,'07 Campbell Lake,2016,6.12,Allen Creek, 3.16 , 2.16 
60419,ALLEN CREEK A - Embly's Gap Creek,2016,24.48,Allen Creek, 3.16 , 2.16 
60212,SPRUCE CREEK,2016,0,Spruce Creek, 6.99 , 2.86 
60584,STONEY CREEK,2016,243.35,Stony Creek, 18.66 , 6.56 
64197,JUDITH CREEK RESERVOIR,2016,7.9121,null, 0.32 , 0.24 
64735,COOPER SPRING,2016,38.990684,null, 0.56 , 0.53 
64320,Potomac River,2016,0,Potomac River," 12,429.82 "," 11,231.28 "
59006,POTOMAC RIVER INTAKE,2016,"34,514.85",Potomac River," 12,452.83 "," 11,253.75 "
90464,Potomac River,2016,67.166377,Potomac River," 12,323.27 "," 11,126.49 "
90476,Potomac River,2016,0,Potomac River," 12,323.27 "," 11,126.49 "
74482,Pond,2016,0,Johnny Moore Creek, 0.55 , 0.54 
59948,WARRENTON RESERVOIR,2016,484.98,Cedar Run, 14.31 , 12.07 
59786,LAKE,2016,45.663973,Johnny Moore Creek, 1.01 , 0.99 
64678,ACCOTINK CR-DANIELS RUN,2016,6.33,Accotink Creek, 8.30 , 6.95 
59269,POND #6,2016,36,Big Rocky Run, 5.12 , 4.42 
58835,Pit Discharge,2016,161.07,null, 0.59 , 0.60 
90484,Irrigagion Pond,2016,27.3,Mill Run, 8.57 , 7.18 
58740,Broad Run,2016,0,North Fork Broad Run, 1.72 , 1.62 
64727,"ON-SITE RESERVOIR, STREAM FED",2016,43.23,Flatlick Branch, 8.76 , 7.77 
68396,Ponds (3),2016,18.60418,null, 1.11 , 1.04 
60491,2.5 ACRE POND (#18),2016,0,Broad Run, 85.91 , 75.36 
59060,Lake,2016,46.5,Giles Run, 5.37 , 4.96 
59793,POND #14,2016,15.92,East Fork Popes Head Creek, 1.37 , 1.29 
63998,LAKE 1,2016,26.8,Pohick Creek, 18.14 , 15.95 
60196,POND,2016,19.17,null, 39.48 , 35.57 
59005,OCCOQUAN RESERVOIR,2016,"24,871.84",Occoquan River, 751.24 , 592.14 
90485,Occoquan Reservoir,2016,0,Airport Creek, 4.36 , 3.97 
59937,ON SITE POND,2016,42.969,Long Branch, 1.21 , 1.39 
60603,POND,2016,9.37,Dogue Creek, 2.56 , 2.75 
60448,POND,2016,7.814,null, 0.44 , 0.45 
59280,POND,2016,3.7,null, 0.95 , 0.95 
61555,"PONDS #1, #2 AND #3",2016,15.576,null, 1.68 , 1.83 
58779,LOUDOUN GOLF & CC POND,2016,10.414044,null, 1.68 , 1.83 
58772,BURKE LAKE,2016,8.351,South Run, 1.79 , 1.73 
90481,Irrigation Pond,2016,0,Broad Run, 74.90 , 65.56 
59990,LAKE MANASSAS - VA OAKS GC,2016,0,Broad Run, 85.03 , 74.56 
60034,LAKE MANASSAS - TRENT GC,2016,0,Broad Run, 85.03 , 74.56 
65532,Lake Manassas,2016,0,Broad Run, 85.03 , 74.56 
65532,Lake Manassas,2016,"4,879.63",Broad Run, 85.03 , 74.56 
58913,LAKE MANASSAS - STONEWALL GC,2016,0,Broad Run, 85.03 , 74.56 
59008,WL FROM QUANTICO CREEK,2016,2.54,Quantico Creek, 28.46 , 27.40 
59742,QUARRY - PIT SUMP DISCHARGE,2016,0,Accokeek Creek, 10.85 , 10.24 
74490,Lake Montclair,2016,0,Powells Creek, 15.62 , 14.41 
68386,Powell's Creek,2016,4.156,Powells Creek, 19.33 , 18.10 
58808,AQUIA CREEK,2016,0,Aquia Creek, 33.99 , 30.74 
65163,LAKE CURTIS,2016,11.14,Long Branch, 2.39 , 2.33 
60365,FARM POND  #3,2016,0,Nomini Creek, 39.80 , 38.10 
61066,BRYANT POND,2016,0,null, 0.50 , 0.51 
59638,FARM POND #3,2016,5.074,Marshall Creek, 2.11 , 2.22 
64201,FARM POND #1,2016,27.05,Marshall Creek, 2.11 , 2.22 
64182,FARM POND #2,2016,40.5,Marshall Creek, 2.11 , 2.22 
58809,PIT PUMP DISCHARGE,2016,281.602,null, 0.70 , 0.73 
64167,FARM POND #1 (LARGE),2016,10.112,null, 0.61 , 0.65 
59348,FARM POND #2 (SMALL),2016,14.917,null, 0.26 , 0.27 
90457,#9 Pond,2016,0,Little Creek, 3.46 , 3.43 
59345,LUNGA RESERVOIR,2016,0,Beaverdam Run, 12.22 , 10.86 
74497,Aquia Creek,2016,6.87,Aquia Creek, 63.05 , 59.96 
59912,POTOMAC RIVER,2016,"54,825",null, 36.56 , 38.97 
65049,BEAVERDAM RESERVOIR,2016,247.89,Beaverdam Swamp, 19.68 , 17.40 
65049,BEAVERDAM RESERVOIR,2016,19.8132,Beaverdam Swamp, 19.68 , 17.40 
60376,SMITH LAKE,2016,"2,352.92",Aquia Creek, 38.39 , 37.00 
60485,BRECKENRIDGE RESERVOIR,2016,353.574,null, 19.03 , 17.43 
61557,GEORGETOWN-HINTON,2016,0,Head River Branch, 5.38 , 4.62 
65052,#1Little Pond,2016,0,Wilton Creek, 0.92 , 0.87 
59788,#3Gilberts Pond,2016,10.2,Wilton Creek, 0.92 , 0.87 
60345,FARM POND,2016,0,null, 0.90 , 0.90 
60885,FARM POND   PIVOT IN FIELD,2016,0,null, 0.90 , 0.90 
59646,Irrigation Pond,2016,8.803,Indian Creek, 7.23 , 6.00 
64745,#10 LAKE,2016,13.53,Rapidan River, 133.32 , 73.47 
60069,RAPIDAN RIVER,2016,217.731,Rapidan River, 167.96 , 115.94 
63594,INTAKE #2 (Marsh Run),2016,0.7,Marsh Run, 20.78 , 16.68 
60973,Intake #4 (Rapidan R),2016,0,Rapidan River, 199.97 , 141.53 
62988,RAPIDAN RIVER - RIVER BOTTOM (Intake #3),2016,0,Rapidan River, 228.94 , 165.18 
60110,BLUE RUN - UPLANDS (Intake #1),2016,0,Blue Run, 30.83 , 23.60 
65227,RAPPAHANNOCK RIVER,2016,14,Rappahannock River, 784.20 , 634.71 
59748,RAPPAHANNOCK R - NORMANS FORD,2016,16.9,Rappahannock River, 784.20 , 634.71 
60593,RAPPAHANNOCK R - SUMERDUCK RD (Tharpe Farms),2016,15,Rappahannock River, 784.20 , 634.71 
60334,MAIN LAKE,2016,10.109,null, 8.59 , 7.14 
59776,RAPIDAN RIVER,2016,295.937,Flat Run, 10.94 , 9.10 
64776,COCKRELL CREEK,2016,572.508,Cockrell Creek, 4.57 , 4.10 
285592,Robertson Lake,2016,13.3065,Rapidan River, 324.14 , 244.40 
59672,RAPIDAN R TO HUNTING RUN RES,2016,0,Rapidan River, 880.53 , 686.95 
59814,RAPIDAN RIVER,2016,421.8,Rapidan River, 303.90 , 224.86 
60426,LAKE IRVINGTON,2016,29,null, 1.95 , 1.79 
163295,Irrigation Pond,2016,8.32,null, 1.41 , 1.29 
60064,WHITE OAK LAKE,2016,0,Whiteoak Run, 18.72 , 13.70 
60369,LAKE PELHAM,2016,675.39,Mountain Run, 32.34 , 26.16 
64265,Irr System. Pond ,2016,0,Jetts Creek, 4.43 , 4.16 
65184,MOTTS RUN RESERVIOR,2016,366.52,Mine Run, 11.63 , 10.46 
61589,RESERVOIR,2016,28.27,null, 1.68 , 1.49 
62121,Rappahannock #1 EAGLE TREE,2016,0,Rappahannock River," 2,193.39 "," 1,938.45 "
65663,Rappahannock #3 SOUTH,2016,0,Rappahannock River," 2,193.39 "," 1,938.45 "
64406,Rappahannock #2 GRIGSBY,2016,0,Rappahannock River," 2,193.39 "," 1,938.45 "
61068,HOUSE PUMP - WOODLAWN,2016,20.08,Gingoteague Creek, 13.37 , 12.58 
230368,CREEK PUMP - WOODLAWN,2016,53.4,Gingoteague Creek, 13.37 , 12.58 
58834,RAPPAHANNOCK RIVER,2016,138.99,Rappahannock River," 2,155.32 "," 1,898.90 "
63789,LAKE HOLIDAY,2016,0,Rappahannock River," 1,992.00 "," 1,732.80 "
60473,RAPPAHANNOCK R - CAMDEN RD,2016,35.9,Rappahannock River," 2,105.98 "," 1,847.46 "
60307,FARM POND,2016,0,Woods Creek, 0.41 , 0.39 
64000,River,2016,34.92,Rappahannock River," 2,191.35 "," 1,936.29 "
62078,RAPPAHANNOCK RIVER PUMP #1,2016,46.88,Rappahannock River," 2,005.97 "," 1,747.18 "
63772,RAPPAHANNOCK RIVER PUMP #2,2016,60.09,Rappahannock River," 2,005.97 "," 1,747.18 "
65661,PeeDee Creek #6 FLATS new,2016,0,Peedee Creek, 6.28 , 6.01 
60470,PeeDee Creek #2 GOULDMAN,2016,0,Peedee Creek, 6.28 , 6.01 
62039,PEE DEE CR #1 CORBET,2016,0,Peedee Creek, 6.28 , 6.01 
60425,PeeDee #4 FLATS old,2016,0,Peedee Creek, 6.28 , 6.01 
62064,RAPPAHANNOCK R - HAZELWOOD LN,2016,7.1,Rappahannock River," 2,042.65 "," 1,783.96 "
62122,PeeDee Creek #3 WASHINGTON,2016,0,Peedee Creek, 14.01 , 13.34 
59307,PeeDee Creek #5 EAGLE TREE drip,2016,0,Peedee Creek, 14.01 , 13.34 
64478,Stream Intake,2016,67.45,Baylors Creek, 12.85 , 11.95 
59928,RUFFENS POND,2016,0,Massaponax Creek, 41.76 , 38.17 
68393,Lee's Hill Pond,2016,6.013,Massaponax Creek, 23.85 , 21.83 
68389,Rappahannock River,2016,"1,249.29",Rappahannock River," 1,787.66 "," 1,575.86 "
58861,POND,2016,23.217,Rappahannock River," 1,902.45 "," 1,642.00 "
61065,RAPPAHANNOCK RIVER - WALSINGHM,2016,85.09,Rappahannock River," 2,066.88 "," 1,808.31 "
60591,RAPPAHANNOCK RIVER,2016,232,Rappahannock River," 1,979.54 "," 1,720.54 "
63663,RAPPAHANNOCK RIVER PUMP #4,2016,37.22,Rappahannock River," 1,979.54 "," 1,720.54 "
61075,HAYFIELD POND,2016,0,Rappahannock River," 1,972.76 "," 1,713.78 "
65185,RAPPAHANNOCK RIVER,2016,"2,821.89",Rappahannock River," 1,794.01 "," 1,582.32 "
64102,LINE CREEK,2016,0,null, 1.13 ," 1,933.95 "
90482,Holding Pond,2016,8.3,null, 0.47 , 0.48 
58823,FARM POND,2016,49.92,null, 2.72 , 2.85 
58824,FARM POND 2,2016,57.73,null, 2.72 , 2.85 
60551,RAPPAHANNOCK RIVER,2016,458.32,null, 0.73 , 0.75 
64600,Pond 12 Celebrate! Virginia North,2016,0,null, 1.28 , 1.32 
60350,RAPPAHANNOCK R DRIP PUMP,2016,0,Rappahannock River," 1,950.40 "," 1,690.73 "
59266,RAPPAHANNOCK RIVER,2016,0,Rappahannock River," 1,950.40 "," 1,690.73 "
60702,RAPPAHANNOCK RIVER PUMP #3,2016,48.81,Rappahannock River," 2,020.80 "," 1,762.41 "
59834,RAPPAHANNOCK RIVER,2016,16.4,Rappahannock River," 2,020.80 "," 1,762.41 "
64502,MATTAPONI RIVER - BARLOW,2016,8.207,Mattaponi River, 422.67 , 406.84 
59419,MATTAPONI RIVER - POCKETS,2016,48.216,Mattaponi River, 626.09 , 609.07 
65186,NI RIVER RESERVOIR,2016,869.13,Ni River, 29.32 , 25.72 
58778,NI RIVER,2016,1.3976,Ni River, 41.27 , 36.60 
63804,RAPPAHANNOCK RIVER,2016,0,Rappahannock River," 1,864.65 "," 1,602.35 "
231374,Mattaponi River,2016,0.698,Mattaponi River, 889.36 , 853.64 
59373,MATTAPONI RIVER - BURRIS,2016,29.382,Reedy Creek, 30.28 , 26.75 
62091,CHAPEL CREEK,2016,63.2,Chapel Creek, 38.24 , 35.21 
61587,MATTAPONI R  REFILL FOR TODDSB,2016,42,Mattaponi River, 678.35 , 657.87 
64250,Fawn Lake,2016,44.81,Greenfield Creek, 4.77 , 4.05 
61566,MATTAPONI R  BEWDLEY,2016,27.1,Mattaponi River, 758.54 , 731.54 
60298,MATTAPONI RIVER BESIDE BRIDGE,2016,0,Mattaponi River, 772.56 , 744.86 
63832,MATTAPONI RIVER BY MILL DAM B,2016,0,Mattaponi River, 772.56 , 744.86 
63114,COURTHOUSE CREEK,2016,0,null, 1.14 , 1.18 
59380,FARM POND - SANDY SPRINGS,2016,25.053,null, 2.68 , 2.62 
58878,8-9 Crossing,2016,0,null, 1.41 , 1.38 
60303,TODDSBERRY POND,2016,52.3,Buckyard Branch, 2.53 , 2.59 
61576,FARM POND 4,2016,0,Mitchell Hill Creek, 4.47 , 3.99 
59106,Pamunkey River - CH16 29.4 acres,2016,4.05,Pamunkey River," 1,122.32 "," 1,078.68 "
64176,PAMUNKEY RIVER - CH8  190.6 ACRES,2016,26.2,Pamunkey River," 1,122.32 "," 1,078.68 "
63506,Pamunkey River - CH7 39.6acres,2016,8.91,Pamunkey River," 1,122.32 "," 1,078.68 "
59621,PAMUNKEY RIVER - CH6 72.9 ACRES,2016,10.02,Pamunkey River," 1,122.32 "," 1,078.68 "
59762,"PAMUNKEY RIVER - SH 3,6,7 WB 1",2016,2.11,Pamunkey River," 1,197.93 "," 1,153.58 "
59267,MAIN PUMPHOUSE RESERVOIR,2016,22.474948,null, 1.05 , 1.08 
61532,PAMUNKEY RIVER - LS 1 1A,2016,4.5,Pamunkey River," 1,187.79 "," 1,143.22 "
65498,SLATERS 3T,2016,6,Pamunkey River," 1,187.79 "," 1,143.22 "
61007,PAMUNKEY RIVER - LS4 HP,2016,0,Pamunkey River," 1,187.79 "," 1,143.22 "
64646,PAMUNKEY RIVER - LS2 HP,2016,7,Pamunkey River," 1,187.79 "," 1,143.22 "
65593,Slaters 7T,2016,6,Pamunkey River," 1,187.79 "," 1,143.22 "
61613,SLATERS 6T,2016,4.25,Pamunkey River," 1,187.79 "," 1,143.22 "
64191,"PAMUNKEY RIVER - NW 3, 4, 5, & 6",2016,52.08,Pamunkey River, 916.27 ," 1,064.25 "
64532,FARM POND,2016,21.64,Walkerton Branch, 0.81 , 0.83 
59378,PAMUNKEY RIVER - R1,2016,2.034,Pamunkey River," 1,211.98 "," 1,167.86 "
59374,PAMUNKEY RIVER - CLOP,2016,16.87,Pamunkey River," 1,211.98 "," 1,167.86 "
60250,PAMUNKEY RIVER - R7,2016,6.381,Pamunkey River," 1,211.98 "," 1,167.86 "
60253,PAMUNKEY R - 140 A  VEGETABLES,2016,62,Pamunkey River," 1,213.48 "," 1,169.41 "
60522,PAMUNKEY RIVER,2016,56.6,Pamunkey River," 1,213.48 "," 1,169.41 "
60355,PAMUNKEY R - 70 A  VEGETABLES,2016,37.5,Pamunkey River," 1,242.40 "," 1,200.64 "
58871,PAMUNKEY RIVER - ML 7 & 8 (Manskin),2016,16.84,Pamunkey River," 1,242.40 "," 1,200.64 "
65309,PAMUNKEY RIVER - QF1,2016,4.11,Pamunkey River," 1,250.82 "," 1,209.31 "
64264,PAMUNKEY RIVER - NC2 (NEWCASTLE),2016,11.68,Pamunkey River," 1,251.88 "," 1,210.40 "
63920,"PAMUNKEY RIVER PIVOT 3 (formerly anything with LH 15,18 or19)",2016,0,Pamunkey River," 1,258.20 "," 1,216.99 "
64245,NORTH ANNA RIVER - MF4,2016,19.74,North Anna River, 396.43 , 465.81 
59616,NORTH ANNA RIVER - MF3,2016,12.1,North Anna River, 396.43 , 465.81 
65402,NORTH ANNA RIVER,2016,21,North Anna River, 396.43 , 465.81 
61565,NORTH ANNA RIVER,2016,"1,331.51",North Anna River, 396.43 , 465.81 
60514,NORTH ANNA RIVER,2016,450.29,North Anna River, 396.43 , 465.81 
59865,DAM CREEK,2016,0,Moncuin Creek, 28.13 , 26.02 
60995,"PAMUNKEY RIVER PIVOT 1 (formerly anything under LH 20, 22 or 24)",2016,0,Pamunkey River," 1,290.39 "," 1,249.97 "
60317,PAMUNKEY RIVER   SK1  70 ACRES,2016,11.64,Pamunkey River," 1,330.15 "," 1,291.74 "
62923,PAMUNKEY RIVER   SK3  80 ACRES,2016,8.5,Pamunkey River," 1,330.15 "," 1,291.74 "
68397,Pamunkey River SK4 25AC,2016,0,Pamunkey River," 1,330.15 "," 1,291.74 "
68398,Pamunkey River NB4 68AC,2016,7.92,Pamunkey River," 1,330.15 "," 1,291.74 "
62829,PAMUNKEY RIVER   SK3  30 ACRES,2016,5.17,Pamunkey River," 1,330.15 "," 1,291.74 "
62561,PAMUNKEY RIVER   SK2  55 ACRES,2016,5.47,Pamunkey River," 1,330.15 "," 1,291.74 "
60910,NEWFOUND RIVER,2016,26.1,Newfound River, 37.09 , 32.63 
59083,FARM POND,2016,0.74,Newfound River, 37.09 , 32.63 
63815,S ANNA PUMP SITE 8 RT738 F3,2016,23.49,South Anna River, 483.74 , 460.84 
62083,S ANNA PMP SITE 7 R617 PIPE F2,2016,3.54,South Anna River, 342.72 , 291.90 
60612,S ANNA PMP SITE 6 R617 PVOT F2,2016,7.16,South Anna River, 342.72 , 291.90 
65293,S ANNA PUMP SITE 9 RT738 F3,2016,0,South Anna River, 342.72 , 291.90 
63897,SOUTH ANNA RIVER,2016,11.23,South Anna River, 349.37 , 297.89 
90453,South Anna River,2016,8,South Anna River, 433.58 , 373.11 
62092,SOUTH ANNA RIVER #1,2016,2.5,South Anna River, 444.50 , 382.85 
60461,SOUTH ANNA RIVER #2,2016,2.5,South Anna River, 444.50 , 382.85 
62725,SOUTH ANNA RIVER,2016,0,South Anna River, 410.16 , 395.17 
60626,S ANNA PUMP SITE 4 FIELD 7 F1,2016,0.54,South Anna River, 410.16 , 395.17 
64061,South Anna River,2016,0,South Anna River, 414.35 , 398.94 
60625,S ANNA PUMP SITE 5 FIELD 15 F1,2016,3.08,South Anna River, 414.35 , 398.94 
59362,MARACOSSIC CREEK - POYNERS,2016,14.362,Maracossic Creek, 40.57 , 35.75 
59218,GORDONSVILLE QUARRY,2016,0.002,South Anna River, 12.01 , 9.35 
63914,Quarry,2016,0.020788,South Anna River, 12.01 , 9.35 
60994,LAKE CAROLINE,2016,0,Stevens Mill Run, 10.91 , 9.70 
61590,WALKERTON MILL POND  NECKFIELD,2016,37.4,Walkerton Branch, 4.32 , 4.05 
60194,FARM POND - HORN QUARTER 4&5,2016,19.658,Hornquarter Creek, 4.80 , 4.21 
59756,"Pamunkey River - Burnley B1,2",2016,0,null, 0.78 , 0.78 
59611,FARM POND,2016,0,null, 0.48 , 0.51 
62072,FARM POND,2016,42,null, 0.43 , 0.43 
64880,TOM'S CREEK RESERVOIR,2016,0,Toms Creek, 9.07 , 5.57 
64914,UPPER BANNER MINE RESERVOIR,2016,158.736,Toms Creek, 9.07 , 5.57 
64935,WISE RESERVOIR,2016,0,null, 2.76 , 1.86 
65023,LOWER MINE PORTER SP,2016,0,null, 2.43 , 1.58 
58870,LITTLE RIVER,2016,177.941,Laurel Creek, 8.89 , 5.19 
64928,JAMISON CREEK,2016,6.01,Jamison Creek, 0.92 , 0.64 
65180,COAL CREEK ABOVE READ ASH,2016,0,Left Fork Coal Creek, 3.23 , 2.26 
74476,#3 Pond,2016,2.420078,Deskin Creek, 3.91 , 2.41 
64873,SEVEN SPRINGS,2016,66.24391,Seven Spring Creek, 2.26 , 1.63 
64916,LAKE WHITTEN,2016,317.409,Cavitts Creek, 6.54 , 4.22 
63178,LAKE BONAVENTURE,2016,2.466,Chaney Creek, 11.05 , 7.56 
64967,CHANEY CREEK,2016,0,Chaney Creek, 11.05 , 7.56 
59098,Creek Pump,2016,3.06,Callahan Creek, 12.68 , 5.99 
68418,Pond Pump,2016,12.959,Callahan Creek, 12.68 , 5.99 
90459,Powell River,2016,0,Powell River, 697.25 , 398.57 
64861,"WYNN SPRING & Barker Spring (volumes combined, 2012MAM)",2016,122.97,Town Branch, 20.59 , 13.49 
64932,ROBINETTE BRANCH,2016,0,Robinet Branch, 1.25 , 0.49 
58783,LOWER LAKE,2016,254.8,Benges Branch, 3.27 , 1.12 
64798,POWELL RIVER,2016,0,null, 1.08 , 0.66 
64891,BLUE SPRING,2016,53.491,null, 5.08 , 3.04 
64818,SOUTH FORK POWELL RIVER,2016,740.698,South Fork Powell River, 15.21 , 5.54 
65578,KVS Quarry Pond,2016,132.616,null, 1.88 , 1.07 
64799,APPALACHIA RESERVOIR,2016,186.01,Bens Branch, 1.26 , 0.60 
65486,Powell River to Reservoir,2016,0,Bens Branch, 1.26 , 0.60 
60046,NEW RIVER,2016,14.8,New River," 4,187.23 "," 2,811.31 "
58955,NEW RIVER (PUMP HOUSES 407 AND 408) WTP#1,2016,"6,311.54",New River," 4,187.23 "," 2,811.31 "
60622,NEW RIVER,2016,"2,518.17",New River," 4,187.23 "," 2,811.31 "
65604,new river,2016,0,New River," 4,187.23 "," 2,811.31 "
59393,PEAK CREEK,2016,843.32,Peak Creek, 36.69 , 32.28 
65028,REED CREEK,2016,806.48,Reed Creek, 180.91 , 149.93 
59618,NEW RIVER,2016,888.01,New River," 4,046.73 "," 2,745.24 "
64933,CHESTNUT CREEK,2016,648.73,Chestnut Creek, 83.29 , 45.37 
90460,Pond,2016,22.903788,Stone Mountain Creek, 18.10 , 6.95 
65034,LITTLE REED ISLAND CREEK,2016,88.26,Little Reed Island Creek, 48.84 , 23.31 
64777,DUCK POND,2016,9.11,Stroubles Creek, 3.43 , 3.08 
61592,POND,2016,10.129535,Pine Creek, 17.72 , 11.15 
64924,EAGLE BOTTOM CREEK,2016,0,Eagle Bottom Creek, 3.98 , 3.16 
60645,CLAYTOR LAKE,2016,709.716,Pine Run, 1.22 , 1.27 
74503,Thorn Spring Branch,2016,0,Thorne Springs Branch, 2.53 , 2.81 
64285,PHILLIPI SPRING AND WELL,2016,93.32,null, 2.23 , 1.95 
64937,SPRING FED LAKE,2016,4.85,null, 0.42 , 0.46 
64114,,2016,0,Hogan Branch, 2.66 , 2.68 
65035,NEW RIVER,2016,655.335,New River," 2,563.78 "," 1,512.78 "
58921,LITTLE RIVER,2016,20.555,Little River, 359.19 , 234.92 
64960,NEW RIVER,2016,0,New River," 2,340.60 "," 1,331.04 "
64801,BLUESTONE RIVER,2016,371.831,Bluestone River, 30.89 , 17.78 
64908,BLUESTONE RIVER,2016,0,Bluestone River, 30.89 , 17.78 
64965,BLUESTONE RIVER,2016,0,Bluestone River, 32.71 , 19.23 
64188,NEW RIVER,2016,"19,219.03",New River," 4,923.49 "," 3,478.89 "
64930,KIMBERLING CREEK,2016,50.05979,Kimberling Creek, 112.34 , 94.98 
65025,ABBS VALLEY CREEK,2016,0,Bluestone River, 123.73 , 89.98 
64788,NEW RIVER,2016,0,New River," 2,353.30 "," 1,340.79 "
65200,WOLF CREEK,2016,1.27,Wolf Creek, 170.37 , 112.92 
62730,New River,2016,0,New River," 4,430.65 "," 3,047.87 "
59993,STONY CREEK,2016,210.84,Stony Creek, 76.96 , 48.90 
64931,COX'S BRANCH RESERVOIR,2016,76.9,Cox Branch, 5.58 , 2.83 
90466,Stream,2016,0,null, 0.77 , 0.52 
64792,KNOX CREEK,2016,0,Knox Creek, 91.99 , 64.27 
65566,McClure River,2016,23.88464,McClure River, 89.74 , 52.88 
64819,DISMAL RIVER,2016,112.522,Dismal Creek, 144.73 , 90.97 
64817,DISMAL RIVER,2016,87.666,Dismal Creek, 144.73 , 90.97 
64904,LICK FORK,2016,13.126,Lick Fork, 7.85 , 4.57 
64820,CANEY CREEK,2016,456.678,Lick Fork, 7.85 , 4.57 
64917,CRANESNEST RIVER,2016,0,Lick Fork, 7.85 , 4.57 
64919,ABANDONED MINE SPRING,2016,0,Lick Fork, 7.85 , 4.57 
65342,LEVISA FORK,2016,0,Levisa Fork, 424.94 , 288.72 
59413,LEVISA RIVER,2016,236.608,Levisa Fork, 390.31 , 297.40 
59877,POUND RESERVOIR,2016,0,North Fork Pound River, 30.12 , 17.26 
65175,JOHN FLANNAGAN RESERVOIR,2016,"1,725.45",Pound River, 317.63 , 221.06 
65331,FARM POND  7  DAVIS,2016,22.5,Beaverdam Branch, 4.74 , 4.63 
65328,FARM POND  4  H NOCK/HH,2016,40.7,null, 0.70 , 0.81 
65333,FARM POND  9  NEW LAND,2016,43.8,null, 1.09 , 1.22 
65327,FARM POND  3  TOWNSEND,2016,60.2,null, 0.45 , 0.53 
65325,FARM POND  1  DUBLIN,2016,84.4,Snead Branch, 2.05 , 2.34 
65330,FARM POND  6  MADDOX,2016,42.5,Little Mosquito Creek, 1.29 , 1.49 
65326,FARM POND  2  HICKMAN,2016,45.3,Selby Mill Branch, 1.59 , 1.76 
65332,FARM POND  8  POP GROVE/PRKR,2016,25.6,null, 1.78 , 2.04 
65321,FARM POND 10 BALDTRIP,2016,13.9,null, 1.78 , 2.04 
62100,VANDEVENDER SPRING,2016,868.81,Strait Creek, 44.90 , 26.92 
63249,CLEARBROOK QUARRIES,2016,664.9,Turkey Run, 4.56 , 4.88 
62478,ABRAMS CREEK,2016,17.575,Abrams Creek, 16.24 , 14.64 
58856,BACK CREEK,2016,0,Back Creek, 17.90 , 16.44 
59360,SOUTH RIVER,2016,1,South River, 250.10 , 177.05 
62139,MOSSY CREEK,2016,0,North River, 221.15 , 171.40 
64530,North River,2016,0,North River, 221.15 , 171.40 
63136,STAUNTON DAM,2016,637.31,North River, 44.15 , 26.04 
61601,DRY RIVER,2016,"1,279.04",Dry River, 91.62 , 54.84 
59790,SOUTH R  DWNSTREAM OF RED MILL,2016,54.97,South River, 269.18 , 190.29 
65337,SOUTH RIVER  20 AC,2016,0,South River, 269.18 , 190.29 
65336,SOUTH RIVER  PASTURE,2016,0,South River, 269.18 , 190.29 
59272,TRIB TO SOUTH RIVER,2016,0,South River, 269.18 , 190.29 
58916,SOUTH RIVER,2016,7,South River, 269.18 , 190.29 
63816,SOUTH RIVER,2016,0,South River, 289.16 , 202.50 
59246,SOUTH RIVER #2,2016,0,South River, 302.67 , 209.67 
65490,North River,2016,79.775,North River, 378.16 , 296.30 
58940,NORTH RIVER,2016,"1,315.56",North River, 378.16 , 296.30 
62110,NORTH RIVER,2016,0,North River, 378.16 , 296.30 
62141,DRY RIVER,2016,0,Dry River, 122.26 , 78.25 
64286,DRY RIVER,2016,0,Dry River, 157.47 , 120.09 
64474,North River,2016,0,North River, 427.00 , 380.11 
59245,SOUTH RIVER #1,2016,0,South River, 302.92 , 209.89 
60500,NORTH RIVER,2016,710.5,North River, 455.31 , 414.52 
63962,NORTH RIVER,2016,4.8,North River, 457.38 , 416.98 
62090,CONFLUENCE OF MIDDLE & NORTH,2016,0,North River, 459.62 , 419.57 
59418,CHRISTIANS CREEK  60 ACRES,2016,0,Christians Creek, 33.58 , 26.98 
59415,CHRISTIANS CREEK  154.2 ACRES,2016,0,Christians Creek, 33.58 , 26.98 
60243,CHRISTIANS CREEK,2016,7.3,Christians Creek, 33.58 , 26.98 
61084,NORTH RIVER,2016,0,North River, 825.12 , 803.58 
64700,South Fork Shenandoah River,2016,4.95,South Fork Shenandoah River," 1,062.36 "," 1,067.97 "
63740,Shenandoah River,2016,0,South Fork Shenandoah River," 1,055.81 "," 1,061.98 "
59876,Shenandoah River,2016,0.71,South Fork Shenandoah River," 1,669.70 "," 1,511.67 "
60294,MIDDLE RIVER,2016,0,Middle River, 241.65 , 257.16 
191604,Middle River,2016,40,Middle River, 353.19 , 367.97 
60378,SPRING,2016,0,Middle River, 358.82 , 374.74 
62755,MIDDLE RIVER,2016,0,Middle River, 358.82 , 374.74 
191605,Middle River,2016,82,Middle River, 358.82 , 374.74 
63691,MIDDLE RIVER,2016,0,Middle River, 363.15 , 379.92 
63898,LONG GLADE CREEK,2016,16.8,Long Glade Creek, 13.69 , 15.45 
62126,SPRING - TENCH,2016,0,South River, 169.49 , 127.03 
64497,SOUTH RIVER - TENCH III,2016,0,South River, 169.49 , 127.03 
59132,BAKER SPRING,2016,52.058,South River, 169.21 , 134.94 
60771,North River,2016,0,South River, 180.48 , 142.71 
64503,SOUTH RIVER,2016,3.071,South River, 180.48 , 142.71 
62086,South Fork Shenandoah River,2016,0,South River, 180.48 , 142.71 
60163,BACK CREEK,2016,0,Back Creek, 92.33 , 41.58 
59381,DICES SPRING,2016,55.778,Naked Creek, 19.30 , 22.93 
59629,Hite Spring,2016,257.73,Dry Run, 19.95 , 13.88 
65345,SPRING,2016,0,East Hawksbill Creek, 25.31 , 17.04 
59922,SOUTH RIVER - HARTMAN,2016,0,South River, 114.26 , 78.97 
59915,BERRY FARM SPRING,2016,103.414731,Falling Spring Run, 3.87 , 4.04 
58773,CUB RUN,2016,62.4,Cub Run, 23.37 , 21.73 
65403,LAKE,2016,9.032,Cub Run, 23.37 , 21.73 
64707,Shenandoah River,2016,2.1,South Fork Shenandoah River," 1,067.05 "," 1,072.82 "
61517,SOUTH FORK SHENANDOAH RIVER,2016,0,South Fork Shenandoah River," 1,067.05 "," 1,072.82 "
62099,SILVER LAKE SPRING,2016,86.048,Cooks Creek, 15.81 , 22.05 
58786,POND,2016,20.25,Cooks Creek, 15.81 , 22.05 
60911,SILVER LAKE,2016,0,Cooks Creek, 15.81 , 22.05 
59903,COOKS CREEK,2016,0,Cooks Creek, 15.81 , 22.05 
64561,Cooks Creek,2016,0,Cooks Creek, 15.81 , 22.05 
65346,COOKS CREEK,2016,0,Cooks Creek, 15.81 , 22.05 
60496,COOKS CREEK,2016,0,Cooks Creek, 15.81 , 22.05 
59768,SF SHENANDOAH RIVER,2016,0,South Fork Shenandoah River," 1,171.98 "," 1,084.67 "
64210,South Fork Shenandoah,2016,12,South Fork Shenandoah River," 1,171.98 "," 1,084.67 "
58775,South Fork Shenandoah River,2016,43.9,South Fork Shenandoah River," 1,171.98 "," 1,084.67 "
59778,Shenandoah River,2016,18,South Fork Shenandoah River," 1,222.71 "," 1,126.87 "
64717,GOLF COURSE POND,2016,0,Isaacs Creek, 13.96 , 13.80 
61079,SOUTH FORK SHENANDOAH RIVER,2016,0,null, 0.42 ," 1,067.12 "
64060,SOUTH RIVER,2016,0,South River, 86.00 , 56.41 
63837,HAWKSBILL CREEK,2016,0,Hawksbill Creek, 44.00 , 30.80 
65344,HAWKSBILL CREEK,2016,0,Hawksbill Creek, 44.00 , 30.80 
60753,HUDSON SPRING,2016,0,Hawksbill Creek, 44.00 , 30.80 
60890,Shenandoah River,2016,25,South Fork Shenandoah River," 1,247.29 "," 1,147.32 "
59721,SHENANDOAH RIVER 100 AC,2016,0,South Fork Shenandoah River," 1,293.45 "," 1,181.03 "
59721,SHENANDOAH RIVER 100 AC,2016,0,South Fork Shenandoah River," 1,293.45 "," 1,181.03 "
233020,SF SHENANDOAH RIVER 190 ACRES,2016,11.96,South Fork Shenandoah River," 1,293.45 "," 1,181.03 "
60366,SOUTH FORK SHENANDOAH RIVER,2016,3.6,South Fork Shenandoah River," 1,291.65 "," 1,179.09 "
61556,SOUTH FORK SHENANDOAH RIVER,2016,0,South Fork Shenandoah River," 1,349.18 "," 1,228.55 "
59101,S FORK SHENANDOAH RIVER,2016,24.79,South Fork Shenandoah River," 1,539.34 "," 1,404.92 "
58854,Beaver Creek,2016,37.1,Beaver Creek, 16.26 , 16.22 
61535,BEAVER CREEK,2016,0,Beaver Creek, 16.26 , 16.22 
63873,BEAVER CREEK,2016,0,Beaver Creek, 16.26 , 16.22 
59346,COLES RUN RESERVOIR,2016,169.291715,South River, 110.49 , 75.71 
59924,SOUTH RIVER - KOONTZ,2016,0,South River, 110.49 , 75.71 
59023,SPRING,2016,1.6,North Fork Shenandoah River, 314.97 , 331.62 
61105,N F SHENANDOAH R - SVA LAND,2016,3.01,North Fork Shenandoah River, 314.97 , 331.62 
59423,NF SHENANDOAH RIVER    HOME,2016,0,North Fork Shenandoah River, 314.97 , 331.62 
62109,NORTH FORK SHENANDOAH RIVER,2016,0,North Fork Shenandoah River, 314.97 , 331.62 
59959,NF SHENANDOAH RIVER    GOODS,2016,0,North Fork Shenandoah River, 314.97 , 331.62 
59902,COINER SPRINGS,2016,7.331,null, 6.84 , 5.39 
59341,NORTH FORK SHENANDOAH RIVER,2016,0,North Fork Shenandoah River, 479.10 , 534.38 
62085,NORTH FORK SHENANDOAH RIVER,2016,0,North Fork Shenandoah River, 479.10 , 534.38 
64168,STONY CREEK,2016,75.66,Stony Creek, 18.03 , 17.51 
63922,MOSSY CREEK,2016,0,Mossy Creek, 13.96 , 15.73 
60974,POGUE RUN,2016,8.479426,Poague Run, 4.25 , 4.48 
59105,GARDNER SPRING,2016,680.6,Poague Run, 4.25 , 4.48 
60132,MEADOW RUN,2016,0,Meadow Run, 20.20 , 19.11 
63783,MEADOW RUN,2016,0,Meadow Run, 20.20 , 19.11 
59066,FARM POND,2016,0,Meadow Run, 20.20 , 19.11 
64247,NORTH FORK SHENANDOAH RIVER,2016,216.04,North Fork Shenandoah River, 620.40 , 683.28 
65212,HAPPY CREEK # Note: This reservior was off for the 2016 year due to needed dredging and repairs.,2016,0,Happy Creek, 12.45 , 8.89 
74505,Painters Pond intake,2016,16.4309,Stony Run, 8.14 , 6.36 
64355,MUDDY CREEK,2016,0,Muddy Creek, 27.55 , 31.42 
59356,MUDDY CREEK,2016,0,Muddy Creek, 27.55 , 31.42 
60333,FARM POND ???????,2016,0,Muddy Creek, 27.55 , 31.42 
59110,MUDDY CREEK  ,2016,0,Muddy Creek, 27.55 , 31.42 
64533,Muddy Creek,2016,0,Muddy Creek, 27.55 , 31.42 
64199,N FORK SHENANDOAH RIVER,2016,282.966,North Fork Shenandoah River, 692.78 , 765.33 
64338,TRIB TO MIDDLE RIVER,2016,0,null, 7.53 , 7.16 
60331,MEADOW RUN        (#5),2016,0,Meadow Run, 13.36 , 12.40 
65511,Dominion Quarry,2016,801,Cedar Creek, 152.66 , 143.40 
64156,SLOAN CREEK # Note: This reservior off for the 2016 year due to needed dredging and repairs,2016,0,Sloan Creek, 5.05 , 4.04 
59773,NORTH FORK SHENANDOAH RIVER,2016,"2,682.48",North Fork Shenandoah River, 852.25 , 935.65 
61593,NORTH FORK SHENANDOAH RIVER,2016,405.653,North Fork Shenandoah River, 273.21 , 278.93 
60251,NORTH FORK SHENANDOAH RIVER,2016,0,North Fork Shenandoah River, 286.53 , 294.94 
63169,N.F. SHENANDOAH,2016,0,North Fork Shenandoah River, 286.53 , 294.94 
65304,COYNER SPRINGS,2016,263.81,null, 0.82 , 0.71 
63137,SMITH CREEK,2016,24.09,Smith Creek, 84.88 , 94.96 
58920,SMITH CREEK,2016,0,Smith Creek, 84.88 , 94.96 
60497,SMITH CREEK,2016,6.34,Smith Creek, 84.88 , 94.96 
61074,NORTH RIVER,2016,0,North River, 819.09 , 796.32 
60438,SMITH CREEK,2016,0,Smith Creek, 95.50 , 105.15 
60472,SHENANDOAH QUARRY,2016,0,Stickley Run, 1.79 , 2.32 
64118,S FORK SHENANDOAH RIVER,2016,757.5,South Fork Shenandoah River," 1,788.94 "," 1,636.38 "
59259,PASSAGE CREEK,2016,265.5,Passage Creek, 84.91 , 87.75 
74507,Woodstone Lake intake,2016,19.662,Quail Run, 5.56 , 5.36 
68410,Middle River- North,2016,0,null, 1.87 , 2.37 
60167,MIDDLE RIVER,2016,0,Middle River, 362.84 , 400.12 
58766,MIDDLE RIVER-South,2016,0.5,Middle River, 362.84 , 400.12 
58905,N FORK SHENANDOAH RIVER,2016,110.8904,North Fork Shenandoah River, 239.48 , 231.33 
74484,Lake #13,2016,0,null, 2.43 , 2.90 
60602,STEPHENS CITY QUARRIES,2016,710,Stephens Run, 7.56 , 7.94 
90463,Crooked Run,2016,6.4699,Crooked Run, 43.71 , 47.24 
63116,SPRING,2016,2.1474,Fort Run, 4.76 , 5.29 
64557,"SPRING #4, #5, #6",2016,5.436,null, 17.00 , 14.87 
65279,SPRING #3,2016,0.01,null, 17.00 , 14.87 
61548,RESERVOIR,2016,13.5,Blacks Run, 14.42 , 19.39 
90483,Roseville Run,2016,0,null, 0.70 , 0.68 
59795,PROSPECT HILL SPRING,2016,43.54,Page Brook, 6.94 , 7.59 
74500,Crooked Run,2016,17.374,Page Brook, 6.94 , 7.59 
68408,Championship Course Irrigation Pond,2016,43.675412,Old Sugarland Run, 1.20 , 20.89 
68407,River Course Irrigation Pond,2016,33.071654,Old Sugarland Run, 1.20 , 20.89 
65347,FARM POND,2016,1.5,Chapel Run, 4.46 , 4.87 
61570,SHENANDOAH RIVER,2016,43.804,null, 2.33 , 2.24 
74475,Stream,2016,22.42,Simpsons Creek, 5.66 , 4.97 
60617,SHENANDOAH RIVER,2016,130.315,Shenandoah River," 2,858.49 "," 2,904.11 "
64370,Oak Marr Irrigation Pond,2016,5.511,null, 1.16 , 1.08 
60487,IRRIGATION POND,2016,0,null, 1.12 , 1.05 
61579,POTOMAC RIVER,2016,"1,616.75",Potomac River," 11,917.05 "," 10,724.72 "
59734,POTOMAC RIVER,2016,0,Potomac River," 11,932.68 "," 10,739.85 "
90455,Lake,2016,56.142274,Limestone Branch, 1.82 , 1.76 
59985,LINKS POND,2016,34.375,null, 0.47 , 0.44 
64738,FROM JT HIRST RESERVOIR,2016,40.546616,North Fork Catoctin Creek, 2.42 , 2.34 
59930,LAKE AUDUBON,2016,9.87,Snakeden Branch, 1.61 , 1.51 
59366,HOLDING POND #17,2016,17.2969017,null, 0.45 , 0.43 
59262,LAKE ANNE,2016,12.976,null, 0.95 , 0.90 
59365,COLVIN RUN  NR PRACTICE RANGE,2016,0,Colvin Run, 2.05 , 1.92 
60520,GOOSE CREEK RESERVOIR,2016,"2,232.36",Goose Creek, 384.36 , 347.73 
59694,POND #8 (metered),2016,21.8,null, 0.69 , 0.65 
65439,Surface Water From Folly Lick Branch Creek to the Golf Course Pond,2016,19.17,Folly Lick Branch, 0.83 , 0.80 
59026,FOREST LAKE,2016,37.084446,null, 2.16 , 2.21 
65044,UPPER LAKE,2016,7.4,null, 0.13 , 0.11 
191602,Irrigation Pond,2016,0,Cabin Branch, 2.19 , 2.14 
90456,Pond 17,2016,0,null, 0.96 , 0.95 
59094,Natural Spring ,2016,0,Town Branch, 1.73 , 1.71 
63865,DUG POND,2016,0,null, 1.03 , 1.03 
74477,Spring,2016,3.36446,Bentley Creek, 1.81 , 1.58 
60373,PHELPS CREEK RESERVOIR,2016,46.487,null, 5.40 , 4.07 
68419,PHELPS CREEK RESERVOIR,2016,0,null, 5.40 , 4.07 
90471,Lake,2016,0.07,Spring Creek, 0.31 , 0.27 
60801,SPRING,2016,0,null, 1.45 , 1.23 
60328,DAN RIVER,2016,0,Dan River," 2,369.03 "," 1,891.87 "
60398,KEYSVILLE RESERVOIR,2016,0,Spring Creek, 3.00 , 2.62 
59673,KERR RESERVOIR,2016,376.68,Roanoke River," 8,209.24 "," 7,409.84 "
60267,KINDERTON LAKE,2016,2.9,Blue Creek, 2.86 , 2.93 
61586,JOHN H KERR RESERVOIR,2016,75.95,Owens Creek, 3.38 , 3.46 
60414,SMITH RIVER,2016,0,Smith River, 441.72 , 320.79 
65360,BEAVER CREEK RESERVOIR,2016,720.85,Beaver Creek, 14.20 , 10.09 
63907,FARM POND,2016,0,Mountain Run, 6.03 , 4.55 
60221,MOUNTAIN RUN CREEK,2016,0,Mountain Run, 6.03 , 4.55 
59967,SMITH RIVER,2016,0,Smith River, 504.13 , 375.37 
63813,ADKERSON COLEMAN POND,2016,0,null, 0.98 , 0.82 
65294,ADKERSON POND,2016,0,null, 0.98 , 0.82 
64558,SMITH RIVER,2016,0,Smith River, 542.73 , 386.45 
61655,SMITH RIVER,2016,"1,064.38",Smith River, 299.50 , 216.59 
61572,UPPER & LOWER CARTERS MTN RES,2016,0,South Mayo River, 64.77 , 33.11 
61571,SOUTH FORK MAYO RIVER,2016,104.08,South Mayo River, 64.77 , 33.11 
60651,GOBLINTOWN CREEK,2016,0,Goblintown Creek, 25.42 , 15.14 
65361,LEATHERWOOD CREEK,2016,0,Leatherwood Creek, 71.02 , 55.94 
59330,TRIB TO THE DAN RIVER,2016,0,null, 6.43 , 3.78 
64158,OLD POND,2016,0.652,Pig Creek, 1.56 , 0.87 
59186,DUCK POND,2016,9.901,Pig Creek, 1.56 , 0.87 
60627, POND #4,2016,18.701,null, 1.40 , 0.70 
62074,SMITH RIVER,2016,0.13,null, 1.16 , 0.90 
60587,JACKS CREEK,2016,34.5365,Jacks Creek, 21.05 , 9.18 
59195,LAKE,2016,0,null, 2.51 , 2.14 
60463,JORDAN CREEK,2016,5.39,Jordan Creek, 13.46 , 9.58 
65151,QUARRY SUMP,2016,82.66,Jordan Creek, 13.46 , 9.58 
64166,NORTHWEST RIVER,2016,742.31,Northwest River, 137.25 , 125.97 
64194,JORDAN CREEK (SAND PLANT),2016,3.05,Jordan Creek, 22.87 , 16.49 
63989,FARM POND,2016,16.21,null, 2.56 , 2.38 
60555,BLACKWATER RIVER,2016,649.25,Blackwater River, 719.65 , 664.81 
60424,CONLEY POND,2016,0,Assamoosick Swamp, 110.39 , 102.53 
60471,NOTTOWAY RIVER,2016,0,Assamoosick Swamp, 110.39 , 102.53 
62068,BLACKWATER RIVER,2016,0,Blackwater River, 601.44 , 472.79 
63948,FARM POND,2016,56,Village Run, 2.05 , 1.90 
60494,FARM POND 5,2016,2.19,Green Swamp, 5.56 , 4.64 
59911,BLACKWATER RIVER,2016,810.28,Blackwater River, 668.39 , 613.41 
58963,REDWING LAKE,2016,20.191,Black Creek, 5.82 , 4.72 
59003,FARM POND,2016,15.05,Terrapin Swamp, 7.89 , 6.51 
60916,FARM POND,2016,0,Spring Grove Swamp, 3.56 , 3.49 
61574,THREE CREEK,2016,19.0655,Three Creek, 174.77 , 170.81 
62628,FARM POND 1,2016,0,null, 0.42 , 0.40 
74486,Pond,2016,33.75,null, 1.01 , 1.04 
61546,POND,2016,0,null, 1.28 , 1.29 
59954,PRIVATE LAKE,2016,0,Mill Swamp, 35.07 , 31.36 
61578,FARM POND,2016,0,null, 0.39 , 0.36 
64046,FLAT ROCK CREEK,2016,56.39,Flat Rock Creek, 12.64 , 10.30 
61629,MEHERRIN RIVER,2016,2.5796,Meherrin River, 829.28 , 806.58 
63797,DUG POND 2,2016,0,null, 1.57 , 1.32 
60866,DUG POND,2016,0,null, 1.57 , 1.32 
60737,DUG POND 1,2016,0,null, 1.57 , 1.32 
64599,Meherrin River,2016,74.225,Meherrin River, 547.02 , 541.15 
61573,GREAT CREEK,2016,0,Great Creek, 52.97 , 47.01 
58956,PIT PUMP,2016,353.88,Fountains Creek, 112.03 , 107.59 
59750,PIT SUMP,2016,420.99,null, 0.59 , 0.54 
60198,Great Creek,2016,298.668567,null, 0.65 , 0.60 
59100,FARM POND 7 #3876,2016,0,null, 0.36 , 0.33 
61104,DUG PONDS,2016,0,null, 1.53 , 1.37 
59769,FONTAINE CREEK,2016,0,null, 2.09 , 2.04 
59402,JAKE'S POND,2016,0,null, 5.07 , 4.33 
64697,EMPORIA RESERVOIR,2016,286.21,null, 0.64 , 0.65 
62006,Fountain Creek,2016,4.698,Fountains Creek, 242.47 , 240.56 
60168,FARM POND 2,2016,0,Mill Swamp, 10.06 , 9.05 
61637,GOLF COURSE LAKE,2016,0,null, 2.93 , 3.47 
63874,POND,2016,2.5925,null, 0.51 , 0.57 
60732,LAND FARM POND,2016,0,Muddy Creek, 2.80 , 3.15 
74492,Pond at #11,2016,0,null, 1.77 , 1.78 
90452,Signature at West Neck,2016,0,West Neck Creek, 15.87 , 16.82 
63830,WATERS FARM POND,2016,0,null, 3.99 , 3.82 
63849,MAIN FARM CANAL,2016,0,null, 3.99 , 3.82 
60205,MOALCO FARM CANAL,2016,0,null, 3.99 , 3.82 
59874,MILLS FARM POND,2016,0,null, 3.99 , 3.82 
90447,SQUIRES FARM POND,2016,0,null, 3.99 , 3.82 
90447,SQUIRES FARM POND,2016,0,null, 3.99 , 3.82 
59763,IRRIGATION LAKE,2016,34.44,null, 0.79 , 0.90 
60234,IRRIGATION LAKE FIRST TEE PUMP,2016,0,null, 0.42 , 0.48 
60342,IRRIGATION LAKE TPC PUMP HOUSE,2016,0,null, 0.42 , 0.48 
64116,IRRIGATION LAKE,2016,6.67,Ashville Bridge Creek, 11.04 , 12.80 
60733,HENLEY FARM POND,2016,0,null, 0.41 , 0.81 
90468,Stumpy Lake,2016,7.579046,null, 5.83 , 5.34 
65036,CLINCH RIVER,2016,"3,439.39",Paperville Creek, 20.97 , 17.14 
64758,TAYLOR SPRING,2016,0,South Fork Holston River, 126.07 , 75.44 
58803,combined,2016,0,South Fork Holston River, 126.07 , 75.44 
64793,COLE SPRING,2016,725.181,Back Fork, 1.29 , 0.88 
65043,HOLSTON RIVER,2016,11.9115,Middle Fork Holston River, 115.64 , 81.58 
61617,MIDDLE FORK HOLSTON RIVER,2016,"1,002.29",Middle Fork Holston River, 292.40 , 359.14 
59254,Sinking Creek Transfer Station,2016,0,Sinking Creek, 1.13 , 0.83 
65173,MIDDLE FORK HOLSTON RIVER,2016,159.651,Middle Fork Holston River, 85.36 , 59.99 
65298,RESERVATION SPRING,2016,357.943,Valley Creek, 10.31 , 10.54 
64645,JONES SPRING,2016,0,Grosses Creek, 0.74 , 0.47 
59383,4 SPRINGS,2016,39.98,null, 1.34 , 0.74 
65158,STALEY'S CREEK,2016,"1,264",Staley Creek, 17.30 , 11.04 
65020,TOWN SPRING,2016,517.067,Staley Creek, 17.30 , 11.04 
74472,Clear Creek Lake,2016,0,Clear Creek, 8.29 , 5.43 
68414,SOUTH FORK HOLSTON RIVER,2016,"1,087.95",South Fork Holston River, 526.30 , 320.40 
64959,SOUTH HOLSTON LAKE,2016,841.036,South Fork Holston River, 860.54 , 591.46 
65027,BIG MOCCASIN CREEK,2016,0,Big Moccasin Creek, 112.58 , 80.00 
64822,POWDER MILL BRANCH,2016,0,West Fork Wolf Creek, 11.85 , 7.15 
59344,CLINCH RIVER (WTP & Power Plant),2016,511.4946,Clinch River, 894.57 , 649.86 
65026,CLINCH RIVER,2016,434.74,Clinch River, 205.83 , 138.34 
65206,CLINCH RIVER,2016,0,Clinch River, 854.02 , 619.67 
64859,GUEST RIVER,2016,0,Guest River, 85.07 , 50.88 
64862,CLINCH RIVER,2016,3.73,Clinch River, 117.93 , 78.92 
64911,CLINCH RIVER,2016,87.878,Clinch River, 43.31 , 27.32 
64877,BIG CEDAR CREEK,2016,190.2,Big Cedar Creek, 77.03 , 51.62 
64875,SARGENT SPRING,2016,63.03011,Castle Run, 12.09 , 8.73 
64936,BEAR CREEK,2016,0,Bear Creek, 8.07 , 5.45 
65010,SPURLOCK BRANCH,2016,0,North Fork Clinch River, 44.89 , 23.20 
65198,NORTH FORK CLINCH RIVER,2016,124.263,North Fork Clinch River, 44.89 , 23.20 
64803,HURRICANE FORK,2016,0,Hurricane Fork, 15.37 , 11.30 
64913,LITTLE TOMS CREEK  CRP THICKNR,2016,40.704,Toms Creek, 10.22 , 6.34 
64912,LITTLE TOMS CREEK - CRP 1,2016,0,Toms Creek, 10.22 , 6.34 
59691,TINKER CREEK,2016,241.4,Tinker Creek, 14.44 , 12.85 
58820,GLADE CREEK,2016,0,Glade Creek, 30.19 , 25.66 
64754,ROANOKE RIVER,2016,0.2865,Roanoke River," 2,010.80 "," 1,751.98 "
62257,ROANOKE RIVER,2016,733.04,Roanoke River," 2,010.80 "," 1,751.98 "
58768,ROANOKE RIVER,2016,0.4212,Roanoke River, 283.75 , 285.08 
58857,ROANOKE RIVER,2016,4.0288,Roanoke River, 283.75 , 285.08 
60462,FLAT CREEK,2016,45.4,Flat Creek, 7.90 , 6.69 
58780,CRYSTAL SPRING,2016,"1,756.77",Roanoke River, 385.30 , 384.97 
59328,ROANOKE RIVER,2016,93.804,Roanoke River," 1,851.34 "," 1,799.14 "
59399,ROANOKE RIVER,2016,118.92,Roanoke River," 1,851.34 "," 1,799.14 "
90477,Spring-fed Pond,2016,7.28,Big Otter River, 63.32 , 39.87 
59559,ROANOKE RIVER,2016,0,Roanoke River, 369.23 , 375.09 
64805,Irrigation Pond,2016,26.3,Roanoke River, 369.23 , 375.09 
62178,GLADE CREEK,2016,0,Glade Creek, 14.82 , 11.85 
60662,,2016,0,Sheep Creek, 33.23 , 22.60 
59777,ROANOKE RIVER,2016,"1,191.24",Roanoke River, 300.93 , 304.89 
60019,BIG OTTER RIVER,2016,808.21,Big Otter River, 365.06 , 316.86 
62076,SOUTH FORK ROANOKE RIVER,2016,3.4,South Fork Roanoke River, 137.61 , 127.04 
65155,SOUTH FORK ROANOKE RIVER #5,2016,2.106,South Fork Roanoke River, 137.61 , 127.04 
58776,SOUTH FORK ROANOKE RIVER #2,2016,5.5029,South Fork Roanoke River, 136.25 , 125.36 
65142,SOUTH FORK ROANOKE RIVER #3,2016,0,South Fork Roanoke River, 145.78 , 137.48 
61552,SOUTH FORK ROANOKE RIVER,2016,0.83,South Fork Roanoke River, 145.78 , 137.48 
59760,NORTH FORK ROANOKE RIVER,2016,18.2,North Fork Roanoke River, 51.26 , 46.55 
64253,NORTH FORK ROANOKE RIVER,2016,2.6208,North Fork Roanoke River, 112.63 , 111.23 
58774,SOUTH FORK ROANOKE RIVER #1,2016,19.3674,South Fork Roanoke River, 123.73 , 111.14 
65154,SOUTH FORK ROANOKE RIVER #4,2016,6.1776,South Fork Roanoke River, 123.73 , 111.14 
60606,DAN RIVER Raw Water,2016,"1,913.92",Dan River," 2,378.72 "," 1,900.88 "
60133,DAN RIVER,2016,701.33,Dan River," 3,177.33 "," 2,756.68 "
61575,DAN RIVER,2016,533.224,Dan River," 2,525.55 "," 2,115.76 "
61653,BLACKWATER RIVER,2016,0,Blackwater River, 74.12 , 60.63 
60637,BLACKWATER RIVER,2016,289.24,Blackwater River, 132.29 , 108.95 
65033,GOLF COURSE POND,2016,16.75,Buffalo Creek, 12.31 , 10.46 
64411,POND       7 AC TOBACCO,2016,0,Snow Creek, 78.73 , 61.60 
61506,POND       3 AC TOBACCO,2016,0,Snow Creek, 78.73 , 61.60 
60523,POND       6 AC TOBACCO,2016,0,Snow Creek, 78.73 , 61.60 
61687,SNOW CREEK     2 AC TOBACCO,2016,0,Snow Creek, 78.73 , 61.60 
60226,GRASSEY CREEK,2016,0,Grassy Creek, 4.06 , 3.65 
60277,FARM POND,2016,0,Grassy Creek, 4.06 , 3.65 
63868,FARM POND,2016,0,null, 1.26 , 1.09 
90465,Pond,2016,0,Winn Creek, 5.51 , 4.32 
60348,POND 3   1.5 A. SW CHATHAM CH.,2016,0,Bearskin Creek, 11.34 , 8.41 
64746,CHERRYSTONE CREEK,2016,152.34,Cherrystone Creek, 35.16 , 27.38 
65644,Whitethorn Creek,2016,1.72,Whitethorn Creek, 16.07 , 12.24 
64353,FARM POND,2016,0,Georges Creek, 6.75 , 5.02 
60908,GEORGES CREEK,2016,0,Georges Creek, 6.75 , 5.02 
58919,Georges Creek,2016,56.78,Georges Creek, 2.30 , 1.93 
63800,POND 1 UNDER POWERLINE 1.5 TOB,2016,0,null, 1.42 , 1.16 
60872,POND,2016,0,null, 0.70 , 0.62 
59080,POND 2    9 A. TOBACCO,2016,0,Roaring Fork, 3.14 , 2.57 
60896,LITTLE ROARING FORK,2016,0,Roaring Fork, 3.14 , 2.57 
60233,FARM POND 23.5 ACRES TOBACCO,2016,0,null, 0.14 , 0.11 
60185,FARM POND 13.5 ACRES TOBACCO,2016,0,null, 0.14 , 0.11 
60322,FARM POND 4 ACRES TOBACCO,2016,0,null, 0.14 , 0.11 
61656,FARM POND,2016,0,null, 0.40 , 0.36 
65492,Allens Creek,2016,0,Allen Creek, 104.94 , 108.78 
61123,ALLEN CREEK,2016,0,Allen Creek, 104.42 , 108.22 
63943,ROANOKE RIVER - LAKE GASTON,2016,549.882,Roanoke River," 8,805.30 "," 7,994.01 "
60191,LAKE GASTON,2016,"7,106",Pea Hill Creek, 15.12 , 12.97 
74474,Lake Gaston,2016,8.67,null, 38.55 , 34.61 
191597,Pond #1,2016,0.83,Pea Hill Creek, 26.55 , 23.33 
64454,Hatchers Run Creek-Lake Jordan,2016,0,Hatcher Run, 28.24 , 24.99 
59082,BIG POND,2016,0,Hatcher Run, 28.24 , 24.99 
60351,NOTTOWAY RIVER,2016,29.04,Nottoway River, 579.50 , 565.51 
59403,NOTTOWAY RIVER,2016,0,Nottoway River," 1,137.41 "," 1,134.21 "
59403,NOTTOWAY RIVER,2016,0,Nottoway River," 1,137.41 "," 1,134.21 "
59089,"Nottoway River - Sussex 11,12, & 18",2016,75.25,Nottoway River," 1,087.42 "," 1,080.71 "
59861,"Nottaway River - Sussex 1, 3, 6, 7, & 15",2016,32.55,Nottoway River," 1,087.42 "," 1,080.71 "
64062,PRINCE SC,2016,71.7,Nottoway River, 621.79 , 584.03 
64104,Prince 95,2016,55,Nottoway River, 621.79 , 584.03 
59085,"Nottaway River - Sussex 8, 9, & 10",2016,17.15,Nottoway River, 536.60 , 520.44 
60224,NOTTOWAY RIVER,2016,749.45,Chowan River," 1,668.95 "," 1,580.76 "
58904,BUTTERWOOD CREEK,2016,0,Butterwood Creek, 25.82 , 21.50 
58896,FARM POND,2016,0,Butterwood Creek, 25.82 , 21.50 
58841,"DUG POND located @ Margie Hawkins property,22117 Courthouse Rd",2016,0,Sappony Creek, 29.21 , 25.48 
58830,"FARM POND @ Bain farm, 22012 Barns Rd, Dinwiddie",2016,27.1,Sappony Creek, 44.90 , 39.94 
61619,NOTTOWAY FALLS RESERVOIR,2016,114.015,Nottoway River, 79.61 , 66.98 
60672,NOTTOWAY RIVER (Concord Concentrator Site),2016,6.56,Nottoway River, 528.80 , 512.30 
61591,CRYSTAL LAKE,2016,188.24,Little Nottoway River, 44.12 , 37.49 
60435,FARM POND 2,2016,0,Millrun Branch, 0.65 , 0.60 
65152,FARM POND 3,2016,0,Millrun Branch, 0.65 , 0.60 
61534,FARM POND 1-Mill Run Branch,2016,0,Millrun Branch, 0.65 , 0.60 
60436,NOTTOWAY RIVER,2016,0,Chetocric Swamp, 1.24 , 1.19 
65069,Andrews Farm Pond,2016,0,Gravelly Run, 3.62 , 3.39 
63899,"FARM POND located at Margie Hawkins property, 22503 Courthouse Rd",2016,0,Millrun Branch, 11.27 , 9.53 
63662,HATCHERS RUN,2016,0,null, 1.10 , 1.06 
60278,GRAVELLY RUN,2016,0,null, 1.71 , 1.64 
61588,FARM POND,2016,0,null, 1.54 , 1.47 
60889,POND,2016,2.2,null, 2.78 , 2.63 
60877,STREAM,2016,0,null, 2.78 , 2.63 
60188,FARM POND   FARM #91,2016,2.052,null, 0.12 , 0.11 
58843,Burton Farm Pond (dug),2016,0,null, 0.55 , 0.53 
64424,Mex. Housefld. Pond,2016,0,null, 0.55 , 0.53 
60199,FARM POND (dug),2016,0,null, 0.55 , 0.53 
60306,FARM POND 1 (on Rt. 1) (dug),2016,0,null, 0.55 , 0.53 
58842,FARM POND 2 (Back Pond) (dug),2016,0,null, 0.55 , 0.53 
58839,Route 1 Pond,2016,0,null, 0.55 , 0.53 
64262,SMALL POND,2016,0,null, 0.55 , 0.53 
61585,LUNENBURG LAKE,2016,0,Little Hounds Creek, 0.46 , 0.41 
63820,"FARM POND @ Margaret Bain property, 23310 Jones Rd, Stony Creek VA",2016,0,null, 0.48 , 0.45 
61624,TWO PONDS,2016,0,null, 0.96 , 0.83 
60706,Nottoway River Reservior Withdrawals,2016,205.05,null, 1.06 , 0.94 
64753,SYCAMORE CREEK,2016,0.290191,Sycamore Creek, 35.73 , 29.46 
90472,#4 Pond,2016,0,null, 1.16 , 1.15 
60211,POND 4   6 A. WEST OF CLIMAX,2016,0,Harpen Creek, 0.51 , 0.42 
62444,SYCAMORE CREEK,2016,0,Sycamore Creek, 25.17 , 20.27 
65216,FARM POND,2016,0,null, 0.80 , 0.63 
61612,GUTHRIES CREEK,2016,0,Guthrie Branch, 3.76 , 3.08 
65434,Guthrie's Branch,2016,0,Guthrie Branch, 3.76 , 3.08 
163292,#2 Pond,2016,0,null, 1.89 , 1.48 
59562,FARM POND,2016,0,null, 0.77 , 0.64 
68416,Tinker Creek,2016,0,null, 1.68 , 1.63 
68417,Deer Branch,2016,0,null, 7.25 , 6.13 
60440,POND #1,2016,18,null, 0.90 , 0.78 
90470,220 Pump,2016,0,null, 0.56 , 0.56 
64216,BEAVERDAM CR RES - FALLING CR                            ,2016,67.202,Falling Creek, 2.31 , 1.86 
64195,QUARRY SUMP (DEWATERING),2016,397.26,null, 1.49 , 1.42 
58888,REED CREEK,2016,0,Reed Creek, 16.37 , 13.02 
58884,FROM ROANOKE RIVER,2016,"2,511.06",Mill Branch, 0.84 , 0.88 
60423,WD FROM SP HOLLOW RES,2016,"1,489.48",Mill Branch, 0.84 , 0.88 
59184,MCMINNIS SPRING,2016,98.803,null, 1.07 , 0.97 
62479,IRRIGATION POND,2016,15.75,null, 1.48 , 1.27 
64647,IRRIGATION LAKE,2016,16.684,null, 1.18 , 0.71 
65145,FARM POND,2016,13.15,null, 0.39 , 0.35 
74512,Smith Mountain Lake,2016,39.15,Bull Run, 17.18 , 13.90 
59648,SMITH MOUNTAIN LAKE,2016,4.95,null, 1.70 , 1.58 
65204,REYNOLDS SPRING,2016,65.38,null, 0.23 , 0.21 
65544,TO CARVINS  WTP FROM CARVINS     COVE RESERVOIR,2016,"3,339.82",Carvin Creek, 21.27 , 17.70 
61609,LEESVILLE LAKE,2016,0,Roanoke River," 1,709.08 "," 1,473.94 "
65378,Smith Mountain Lake,2016,139.12,Roanoke River, 741.24 , 691.19 
64027,CUB CREEK,2016,0.3,Cub Creek, 168.43 , 146.73 
60659,STONEY CREEK RESERVOIR,2016,352.37,Stony Creek, 13.86 , 6.04 
58995,ROANOKE RIVER,2016,0,Roanoke River," 3,277.49 "," 2,987.91 "
60402,ROANOKE RIVER,2016,"3,632.20",Roanoke River," 3,529.79 "," 3,207.99 "
65203,STAUNTON R BELOW CUB RUN,2016,1.5,Roanoke River," 3,231.95 "," 2,929.74 "
63198,SMITH MOUNTAIN LAKE,2016,44,null, 1.21 , 1.09 
63947,STAUNTON R BOTTOM OF HOUSE,2016,1.2,Roanoke River," 3,053.34 "," 2,775.14 "
60276,STAUNTON RIVER ABOVE CUB RUN,2016,1.5,Roanoke River," 3,056.65 "," 2,777.99 "
65076,Stream,2016,34.660665,Roanoke River," 2,638.03 "," 2,408.09 "
60305,FARM POND,2016,0,null, 0.76 , 0.66 
58754,FARM POND   #5862,2016,0,Bull Creek, 2.48 , 2.17 
59088,Pamunkey River - ML3,2016,4.22,null, -   , 4.45 
63867,QUARRY,2016,492.72,Little River, -   , 107.39 
59699,ROCKFISH RIVER,2016,0,Rockfish River, 306.63 , 187.11 
62704,LANG IRRIGATION POND,2016,0,Parker Creek, 3.67 , 3.67 
65503,Ivy Creek,2016,90.2,Ivy Creek, 35.51 , 25.60 
90458,Irrigation Pond,2016,10.7,null, 0.14 , 0.13 
63993,FARM POND,2016,0,null, 0.67 , 0.73 
60187,WESSELLS/WATKINSON IRR POND,2016,5.29,Coards Branch, 1.94 , 2.15 
59334,JAMES RIVER,2016,0,James River," 8,030.97 "," 6,991.23 "
64695,POND DRAIN - NORTHSIDE B,2016,0,Pond Drain, 1.15 , 1.19 
59961,POND DRAIN - SOUTHSIDE C,2016,0,Pond Drain, 1.15 , 1.19 
65213,JAMES RIVER,2016,"8,755.20",James River," 8,250.10 "," 6,746.32 "
58866,LAKE MONOCAN,2016,163.46,Allen Creek, 2.08 , 1.51 
60545,FARM POND #2             OK,2016,0,Nassawadox Creek, 7.27 , 6.96 
63098,FARM POND #1             OK,2016,0,Nassawadox Creek, 7.27 , 6.96 
63098,FARM POND #1             OK,2016,0,Nassawadox Creek, 7.27 , 6.96 
65157,BLACK CREEK RESERVOIR,2016,16.16,Town Creek, 1.02 , 0.73 
60445,NURSERY POND #1 HUBBARD HILL,2016,85.94,null, 0.47 , 0.38 
59439,Thompson Lake,2016,2.29,null, 2.08 , 1.53 
60396,HAREWOOD POND #2,2016,0,null, 2.08 , 1.53 
65274,ALLEN CREEK B - Massie Creek,2016,25.93,null, 2.08 , 1.53 
58971,JAMES RIVER ,2016,0,Burks Creek, 1.52 , 1.28 
63784,POND 1,2016,0,Higginbotham Creek, 5.72 , 4.29 
62526,POND 3,2016,0,Higginbotham Creek, 5.72 , 4.29 
61259,POND 2,2016,0,Higginbotham Creek, 5.72 , 4.29 
64427,CHURCH POND,2016,0,Andersons Creek, 1.71 , 1.75 
62040,LOWER POND,2016,0,Andersons Creek, 1.71 , 1.75 
65199,JOHNSON SPRINGS,2016,6.258,null, 1.35 , 0.94 
64761,Un-Named Trib to Rockfish River (Mont Alto),2016,0,Rockhouse Branch, 1.73 , 1.43 
